,batch,replicate,condition,culture,format,cell-type,media,W,E,N,R,genotype,A,K,P
0,B3,1,A-Fib_Ctrl_Org_1,A-Fib_Ctrl,co-culture,Org,Ctrl,0,0,0,0,A,1,0,0
1,B3,2,A-Fib_Ctrl_Org_2,A-Fib_Ctrl,co-culture,Org,Ctrl,0,0,0,0,A,1,0,0
2,B3,3,A-Fib_Ctrl_Org_3,A-Fib_Ctrl,co-culture,Org,Ctrl,0,0,0,0,A,1,0,0
3,B3,1,A-Fib_ENR_Org_1,A-Fib_ENR,co-culture,Org,ENR,0,1,1,1,A,1,0,0
4,B3,2,A-Fib_ENR_Org_2,A-Fib_ENR,co-culture,Org,ENR,0,1,1,1,A,1,0,0
5,B3,3,A-Fib_ENR_Org_3,A-Fib_ENR,co-culture,Org,ENR,0,1,1,1,A,1,0,0
6,B3,1,A-Fib_E_Org_1,A-Fib_E,co-culture,Org,E,0,1,0,0,A,1,0,0
7,B3,2,A-Fib_E_Org_2,A-Fib_E,co-culture,Org,E,0,1,0,0,A,1,0,0
8,B3,3,A-Fib_E_Org_3,A-Fib_E,co-culture,Org,E,0,1,0,0,A,1,0,0
9,B3,1,A-Fib_N_Org_1,A-Fib_N,co-culture,Org,N,0,0,1,0,A,1,0,0
10,B3,2,A-Fib_N_Org_2,A-Fib_N,co-culture,Org,N,0,0,1,0,A,1,0,0
11,B3,3,A-Fib_N_Org_3,A-Fib_N,co-culture,Org,N,0,0,1,0,A,1,0,0
12,B3,1,A-Fib_R_Org_1,A-Fib_R,co-culture,Org,R,0,0,0,1,A,1,0,0
13,B3,2,A-Fib_R_Org_2,A-Fib_R,co-culture,Org,R,0,0,0,1,A,1,0,0
14,B3,3,A-Fib_R_Org_3,A-Fib_R,co-culture,Org,R,0,0,0,1,A,1,0,0
15,B3,1,A-Fib_WENR_Org_1,A-Fib_WENR,co-culture,Org,WENR,1,1,1,1,A,1,0,0
16,B3,2,A-Fib_WENR_Org_2,A-Fib_WENR,co-culture,Org,WENR,1,1,1,1,A,1,0,0
17,B3,3,A-Fib_WENR_Org_3,A-Fib_WENR,co-culture,Org,WENR,1,1,1,1,A,1,0,0
18,B3,1,A-Fib_WEN_Org_1,A-Fib_WEN,co-culture,Org,WEN,1,1,1,0,A,1,0,0
19,B3,2,A-Fib_WEN_Org_2,A-Fib_WEN,co-culture,Org,WEN,1,1,1,0,A,1,0,0
20,B3,3,A-Fib_WEN_Org_3,A-Fib_WEN,co-culture,Org,WEN,1,1,1,0,A,1,0,0
21,B3,1,A-Fib_WER_Org_1,A-Fib_WER,co-culture,Org,WER,1,1,0,1,A,1,0,0
22,B3,2,A-Fib_WER_Org_2,A-Fib_WER,co-culture,Org,WER,1,1,0,1,A,1,0,0
23,B3,3,A-Fib_WER_Org_3,A-Fib_WER,co-culture,Org,WER,1,1,0,1,A,1,0,0
24,B3,1,A-Fib_WNR_Org_1,A-Fib_WNR,co-culture,Org,WNR,1,0,1,1,A,1,0,0
25,B3,2,A-Fib_WNR_Org_2,A-Fib_WNR,co-culture,Org,WNR,1,0,1,1,A,1,0,0
26,B3,3,A-Fib_WNR_Org_3,A-Fib_WNR,co-culture,Org,WNR,1,0,1,1,A,1,0,0
27,B3,1,A-Fib_W_Org_1,A-Fib_W,co-culture,Org,W,1,0,0,0,A,1,0,0
28,B3,2,A-Fib_W_Org_2,A-Fib_W,co-culture,Org,W,1,0,0,0,A,1,0,0
29,B3,3,A-Fib_W_Org_3,A-Fib_W,co-culture,Org,W,1,0,0,0,A,1,0,0
30,B1,1,AK-Fib_Ctrl_Org_1,AK-Fib_Ctrl,co-culture,Org,Ctrl,0,0,0,0,AK,1,1,0
31,B1,2,AK-Fib_Ctrl_Org_2,AK-Fib_Ctrl,co-culture,Org,Ctrl,0,0,0,0,AK,1,1,0
32,B1,3,AK-Fib_Ctrl_Org_3,AK-Fib_Ctrl,co-culture,Org,Ctrl,0,0,0,0,AK,1,1,0
33,B1,1,AK-Fib_ENR_Org_1,AK-Fib_ENR,co-culture,Org,ENR,0,1,1,1,AK,1,1,0
34,B1,2,AK-Fib_ENR_Org_2,AK-Fib_ENR,co-culture,Org,ENR,0,1,1,1,AK,1,1,0
35,B1,3,AK-Fib_ENR_Org_3,AK-Fib_ENR,co-culture,Org,ENR,0,1,1,1,AK,1,1,0
36,B1,1,AK-Fib_E_Org_1,AK-Fib_E,co-culture,Org,E,0,1,0,0,AK,1,1,0
37,B1,2,AK-Fib_E_Org_2,AK-Fib_E,co-culture,Org,E,0,1,0,0,AK,1,1,0
38,B1,3,AK-Fib_E_Org_3,AK-Fib_E,co-culture,Org,E,0,1,0,0,AK,1,1,0
39,B1,1,AK-Fib_N_Org_1,AK-Fib_N,co-culture,Org,N,0,0,1,0,AK,1,1,0
40,B1,2,AK-Fib_N_Org_2,AK-Fib_N,co-culture,Org,N,0,0,1,0,AK,1,1,0
41,B1,3,AK-Fib_N_Org_3,AK-Fib_N,co-culture,Org,N,0,0,1,0,AK,1,1,0
42,B1,1,AK-Fib_R_Org_1,AK-Fib_R,co-culture,Org,R,0,0,0,1,AK,1,1,0
43,B1,2,AK-Fib_R_Org_2,AK-Fib_R,co-culture,Org,R,0,0,0,1,AK,1,1,0
44,B1,3,AK-Fib_R_Org_3,AK-Fib_R,co-culture,Org,R,0,0,0,1,AK,1,1,0
45,B1,1,AK-Fib_WENR_Org_1,AK-Fib_WENR,co-culture,Org,WENR,1,1,1,1,AK,1,1,0
46,B1,2,AK-Fib_WENR_Org_2,AK-Fib_WENR,co-culture,Org,WENR,1,1,1,1,AK,1,1,0
47,B1,3,AK-Fib_WENR_Org_3,AK-Fib_WENR,co-culture,Org,WENR,1,1,1,1,AK,1,1,0
48,B1,1,AK-Fib_WEN_Org_1,AK-Fib_WEN,co-culture,Org,WEN,1,1,1,0,AK,1,1,0
49,B1,2,AK-Fib_WEN_Org_2,AK-Fib_WEN,co-culture,Org,WEN,1,1,1,0,AK,1,1,0
50,B1,3,AK-Fib_WEN_Org_3,AK-Fib_WEN,co-culture,Org,WEN,1,1,1,0,AK,1,1,0
51,B1,1,AK-Fib_WER_Org_1,AK-Fib_WER,co-culture,Org,WER,1,1,0,1,AK,1,1,0
52,B1,2,AK-Fib_WER_Org_2,AK-Fib_WER,co-culture,Org,WER,1,1,0,1,AK,1,1,0
53,B1,3,AK-Fib_WER_Org_3,AK-Fib_WER,co-culture,Org,WER,1,1,0,1,AK,1,1,0
54,B1,1,AK-Fib_WNR_Org_1,AK-Fib_WNR,co-culture,Org,WNR,1,0,1,1,AK,1,1,0
55,B1,2,AK-Fib_WNR_Org_2,AK-Fib_WNR,co-culture,Org,WNR,1,0,1,1,AK,1,1,0
56,B1,3,AK-Fib_WNR_Org_3,AK-Fib_WNR,co-culture,Org,WNR,1,0,1,1,AK,1,1,0
57,B1,1,AK-Fib_W_Org_1,AK-Fib_W,co-culture,Org,W,1,0,0,0,AK,1,1,0
58,B1,2,AK-Fib_W_Org_2,AK-Fib_W,co-culture,Org,W,1,0,0,0,AK,1,1,0
59,B1,3,AK-Fib_W_Org_3,AK-Fib_W,co-culture,Org,W,1,0,0,0,AK,1,1,0
60,B1,1,AKP-Fib_Ctrl_Org_1,AKP-Fib_Ctrl,co-culture,Org,Ctrl,0,0,0,0,AKP,1,1,1
61,B1,2,AKP-Fib_Ctrl_Org_2,AKP-Fib_Ctrl,co-culture,Org,Ctrl,0,0,0,0,AKP,1,1,1
62,B1,3,AKP-Fib_Ctrl_Org_3,AKP-Fib_Ctrl,co-culture,Org,Ctrl,0,0,0,0,AKP,1,1,1
63,B1,1,AKP-Fib_ENR_Org_1,AKP-Fib_ENR,co-culture,Org,ENR,0,1,1,1,AKP,1,1,1
64,B1,2,AKP-Fib_ENR_Org_2,AKP-Fib_ENR,co-culture,Org,ENR,0,1,1,1,AKP,1,1,1
65,B1,3,AKP-Fib_ENR_Org_3,AKP-Fib_ENR,co-culture,Org,ENR,0,1,1,1,AKP,1,1,1
66,B1,1,AKP-Fib_E_Org_1,AKP-Fib_E,co-culture,Org,E,0,1,0,0,AKP,1,1,1
67,B1,2,AKP-Fib_E_Org_2,AKP-Fib_E,co-culture,Org,E,0,1,0,0,AKP,1,1,1
68,B1,3,AKP-Fib_E_Org_3,AKP-Fib_E,co-culture,Org,E,0,1,0,0,AKP,1,1,1
69,B1,1,AKP-Fib_N_Org_1,AKP-Fib_N,co-culture,Org,N,0,0,1,0,AKP,1,1,1
70,B1,2,AKP-Fib_N_Org_2,AKP-Fib_N,co-culture,Org,N,0,0,1,0,AKP,1,1,1
71,B1,3,AKP-Fib_N_Org_3,AKP-Fib_N,co-culture,Org,N,0,0,1,0,AKP,1,1,1
72,B1,1,AKP-Fib_R_Org_1,AKP-Fib_R,co-culture,Org,R,0,0,0,1,AKP,1,1,1
73,B1,2,AKP-Fib_R_Org_2,AKP-Fib_R,co-culture,Org,R,0,0,0,1,AKP,1,1,1
74,B1,3,AKP-Fib_R_Org_3,AKP-Fib_R,co-culture,Org,R,0,0,0,1,AKP,1,1,1
75,B1,1,AKP-Fib_WENR_Org_1,AKP-Fib_WENR,co-culture,Org,WENR,1,1,1,1,AKP,1,1,1
76,B1,2,AKP-Fib_WENR_Org_2,AKP-Fib_WENR,co-culture,Org,WENR,1,1,1,1,AKP,1,1,1
77,B1,3,AKP-Fib_WENR_Org_3,AKP-Fib_WENR,co-culture,Org,WENR,1,1,1,1,AKP,1,1,1
78,B1,1,AKP-Fib_WEN_Org_1,AKP-Fib_WEN,co-culture,Org,WEN,1,1,1,0,AKP,1,1,1
79,B1,2,AKP-Fib_WEN_Org_2,AKP-Fib_WEN,co-culture,Org,WEN,1,1,1,0,AKP,1,1,1
80,B1,3,AKP-Fib_WEN_Org_3,AKP-Fib_WEN,co-culture,Org,WEN,1,1,1,0,AKP,1,1,1
81,B1,1,AKP-Fib_WER_Org_1,AKP-Fib_WER,co-culture,Org,WER,1,1,0,1,AKP,1,1,1
82,B1,2,AKP-Fib_WER_Org_2,AKP-Fib_WER,co-culture,Org,WER,1,1,0,1,AKP,1,1,1
83,B1,3,AKP-Fib_WER_Org_3,AKP-Fib_WER,co-culture,Org,WER,1,1,0,1,AKP,1,1,1
84,B1,1,AKP-Fib_WNR_Org_1,AKP-Fib_WNR,co-culture,Org,WNR,1,0,1,1,AKP,1,1,1
85,B1,2,AKP-Fib_WNR_Org_2,AKP-Fib_WNR,co-culture,Org,WNR,1,0,1,1,AKP,1,1,1
86,B1,3,AKP-Fib_WNR_Org_3,AKP-Fib_WNR,co-culture,Org,WNR,1,0,1,1,AKP,1,1,1
87,B1,1,AKP-Fib_W_Org_1,AKP-Fib_W,co-culture,Org,W,1,0,0,0,AKP,1,1,1
88,B1,2,AKP-Fib_W_Org_2,AKP-Fib_W,co-culture,Org,W,1,0,0,0,AKP,1,1,1
89,B1,3,AKP-Fib_W_Org_3,AKP-Fib_W,co-culture,Org,W,1,0,0,0,AKP,1,1,1
90,B1,1,AKP_Ctrl_Org_1,AKP_Ctrl,monoculture,Org,Ctrl,0,0,0,0,AKP,1,1,1
91,B1,2,AKP_Ctrl_Org_2,AKP_Ctrl,monoculture,Org,Ctrl,0,0,0,0,AKP,1,1,1
92,B1,3,AKP_Ctrl_Org_3,AKP_Ctrl,monoculture,Org,Ctrl,0,0,0,0,AKP,1,1,1
93,B1,1,AKP_ENR_Org_1,AKP_ENR,monoculture,Org,ENR,0,1,1,1,AKP,1,1,1
94,B1,2,AKP_ENR_Org_2,AKP_ENR,monoculture,Org,ENR,0,1,1,1,AKP,1,1,1
95,B1,3,AKP_ENR_Org_3,AKP_ENR,monoculture,Org,ENR,0,1,1,1,AKP,1,1,1
96,B1,1,AKP_E_Org_1,AKP_E,monoculture,Org,E,0,1,0,0,AKP,1,1,1
97,B1,2,AKP_E_Org_2,AKP_E,monoculture,Org,E,0,1,0,0,AKP,1,1,1
98,B1,3,AKP_E_Org_3,AKP_E,monoculture,Org,E,0,1,0,0,AKP,1,1,1
99,B1,1,AKP_N_Org_1,AKP_N,monoculture,Org,N,0,0,1,0,AKP,1,1,1
100,B1,2,AKP_N_Org_2,AKP_N,monoculture,Org,N,0,0,1,0,AKP,1,1,1
101,B1,3,AKP_N_Org_3,AKP_N,monoculture,Org,N,0,0,1,0,AKP,1,1,1
102,B1,1,AKP_R_Org_1,AKP_R,monoculture,Org,R,0,0,0,1,AKP,1,1,1
103,B1,2,AKP_R_Org_2,AKP_R,monoculture,Org,R,0,0,0,1,AKP,1,1,1
104,B1,3,AKP_R_Org_3,AKP_R,monoculture,Org,R,0,0,0,1,AKP,1,1,1
105,B1,1,AKP_WENR_Org_1,AKP_WENR,monoculture,Org,WENR,1,1,1,1,AKP,1,1,1
106,B1,2,AKP_WENR_Org_2,AKP_WENR,monoculture,Org,WENR,1,1,1,1,AKP,1,1,1
107,B1,3,AKP_WENR_Org_3,AKP_WENR,monoculture,Org,WENR,1,1,1,1,AKP,1,1,1
108,B1,1,AKP_WEN_Org_1,AKP_WEN,monoculture,Org,WEN,1,1,1,0,AKP,1,1,1
109,B1,2,AKP_WEN_Org_2,AKP_WEN,monoculture,Org,WEN,1,1,1,0,AKP,1,1,1
110,B1,3,AKP_WEN_Org_3,AKP_WEN,monoculture,Org,WEN,1,1,1,0,AKP,1,1,1
111,B1,1,AKP_WER_Org_1,AKP_WER,monoculture,Org,WER,1,1,0,1,AKP,1,1,1
112,B1,2,AKP_WER_Org_2,AKP_WER,monoculture,Org,WER,1,1,0,1,AKP,1,1,1
113,B1,3,AKP_WER_Org_3,AKP_WER,monoculture,Org,WER,1,1,0,1,AKP,1,1,1
114,B1,1,AKP_WNR_Org_1,AKP_WNR,monoculture,Org,WNR,1,0,1,1,AKP,1,1,1
115,B1,2,AKP_WNR_Org_2,AKP_WNR,monoculture,Org,WNR,1,0,1,1,AKP,1,1,1
116,B1,3,AKP_WNR_Org_3,AKP_WNR,monoculture,Org,WNR,1,0,1,1,AKP,1,1,1
117,B1,1,AKP_W_Org_1,AKP_W,monoculture,Org,W,1,0,0,0,AKP,1,1,1
118,B1,2,AKP_W_Org_2,AKP_W,monoculture,Org,W,1,0,0,0,AKP,1,1,1
119,B1,3,AKP_W_Org_3,AKP_W,monoculture,Org,W,1,0,0,0,AKP,1,1,1
120,B1,1,AK_Ctrl_Org_1,AK_Ctrl,monoculture,Org,Ctrl,0,0,0,0,AK,1,1,0
121,B1,2,AK_Ctrl_Org_2,AK_Ctrl,monoculture,Org,Ctrl,0,0,0,0,AK,1,1,0
122,B1,3,AK_Ctrl_Org_3,AK_Ctrl,monoculture,Org,Ctrl,0,0,0,0,AK,1,1,0
123,B1,1,AK_ENR_Org_1,AK_ENR,monoculture,Org,ENR,0,1,1,1,AK,1,1,0
124,B1,2,AK_ENR_Org_2,AK_ENR,monoculture,Org,ENR,0,1,1,1,AK,1,1,0
125,B1,3,AK_ENR_Org_3,AK_ENR,monoculture,Org,ENR,0,1,1,1,AK,1,1,0
126,B1,1,AK_E_Org_1,AK_E,monoculture,Org,E,0,1,0,0,AK,1,1,0
127,B1,2,AK_E_Org_2,AK_E,monoculture,Org,E,0,1,0,0,AK,1,1,0
128,B1,3,AK_E_Org_3,AK_E,monoculture,Org,E,0,1,0,0,AK,1,1,0
129,B1,1,AK_N_Org_1,AK_N,monoculture,Org,N,0,0,1,0,AK,1,1,0
130,B1,2,AK_N_Org_2,AK_N,monoculture,Org,N,0,0,1,0,AK,1,1,0
131,B1,3,AK_N_Org_3,AK_N,monoculture,Org,N,0,0,1,0,AK,1,1,0
132,B1,1,AK_R_Org_1,AK_R,monoculture,Org,R,0,0,0,1,AK,1,1,0
133,B1,2,AK_R_Org_2,AK_R,monoculture,Org,R,0,0,0,1,AK,1,1,0
134,B1,3,AK_R_Org_3,AK_R,monoculture,Org,R,0,0,0,1,AK,1,1,0
135,B1,1,AK_WENR_Org_1,AK_WENR,monoculture,Org,WENR,1,1,1,1,AK,1,1,0
136,B1,2,AK_WENR_Org_2,AK_WENR,monoculture,Org,WENR,1,1,1,1,AK,1,1,0
137,B1,3,AK_WENR_Org_3,AK_WENR,monoculture,Org,WENR,1,1,1,1,AK,1,1,0
138,B1,1,AK_WEN_Org_1,AK_WEN,monoculture,Org,WEN,1,1,1,0,AK,1,1,0
139,B1,2,AK_WEN_Org_2,AK_WEN,monoculture,Org,WEN,1,1,1,0,AK,1,1,0
140,B1,3,AK_WEN_Org_3,AK_WEN,monoculture,Org,WEN,1,1,1,0,AK,1,1,0
141,B1,1,AK_WER_Org_1,AK_WER,monoculture,Org,WER,1,1,0,1,AK,1,1,0
142,B1,2,AK_WER_Org_2,AK_WER,monoculture,Org,WER,1,1,0,1,AK,1,1,0
143,B1,3,AK_WER_Org_3,AK_WER,monoculture,Org,WER,1,1,0,1,AK,1,1,0
144,B1,1,AK_WNR_Org_1,AK_WNR,monoculture,Org,WNR,1,0,1,1,AK,1,1,0
145,B1,2,AK_WNR_Org_2,AK_WNR,monoculture,Org,WNR,1,0,1,1,AK,1,1,0
146,B1,3,AK_WNR_Org_3,AK_WNR,monoculture,Org,WNR,1,0,1,1,AK,1,1,0
147,B1,1,AK_W_Org_1,AK_W,monoculture,Org,W,1,0,0,0,AK,1,1,0
148,B1,2,AK_W_Org_2,AK_W,monoculture,Org,W,1,0,0,0,AK,1,1,0
149,B1,3,AK_W_Org_3,AK_W,monoculture,Org,W,1,0,0,0,AK,1,1,0
150,B3,1,A_Ctrl_Org_1,A_Ctrl,monoculture,Org,Ctrl,0,0,0,0,A,1,0,0
151,B3,2,A_Ctrl_Org_2,A_Ctrl,monoculture,Org,Ctrl,0,0,0,0,A,1,0,0
152,B3,3,A_Ctrl_Org_3,A_Ctrl,monoculture,Org,Ctrl,0,0,0,0,A,1,0,0
153,B3,1,A_ENR_Org_1,A_ENR,monoculture,Org,ENR,0,1,1,1,A,1,0,0
154,B3,2,A_ENR_Org_2,A_ENR,monoculture,Org,ENR,0,1,1,1,A,1,0,0
155,B3,3,A_ENR_Org_3,A_ENR,monoculture,Org,ENR,0,1,1,1,A,1,0,0
156,B3,1,A_E_Org_1,A_E,monoculture,Org,E,0,1,0,0,A,1,0,0
157,B3,2,A_E_Org_2,A_E,monoculture,Org,E,0,1,0,0,A,1,0,0
158,B3,3,A_E_Org_3,A_E,monoculture,Org,E,0,1,0,0,A,1,0,0
159,B3,1,A_N_Org_1,A_N,monoculture,Org,N,0,0,1,0,A,1,0,0
160,B3,2,A_N_Org_2,A_N,monoculture,Org,N,0,0,1,0,A,1,0,0
161,B3,3,A_N_Org_3,A_N,monoculture,Org,N,0,0,1,0,A,1,0,0
162,B3,1,A_R_Org_1,A_R,monoculture,Org,R,0,0,0,1,A,1,0,0
163,B3,2,A_R_Org_2,A_R,monoculture,Org,R,0,0,0,1,A,1,0,0
164,B3,3,A_R_Org_3,A_R,monoculture,Org,R,0,0,0,1,A,1,0,0
165,B3,1,A_WENR_Org_1,A_WENR,monoculture,Org,WENR,1,1,1,1,A,1,0,0
166,B3,2,A_WENR_Org_2,A_WENR,monoculture,Org,WENR,1,1,1,1,A,1,0,0
167,B3,3,A_WENR_Org_3,A_WENR,monoculture,Org,WENR,1,1,1,1,A,1,0,0
168,B3,1,A_WEN_Org_1,A_WEN,monoculture,Org,WEN,1,1,1,0,A,1,0,0
169,B3,2,A_WEN_Org_2,A_WEN,monoculture,Org,WEN,1,1,1,0,A,1,0,0
170,B3,3,A_WEN_Org_3,A_WEN,monoculture,Org,WEN,1,1,1,0,A,1,0,0
171,B3,1,A_WER_Org_1,A_WER,monoculture,Org,WER,1,1,0,1,A,1,0,0
172,B3,2,A_WER_Org_2,A_WER,monoculture,Org,WER,1,1,0,1,A,1,0,0
173,B3,3,A_WER_Org_3,A_WER,monoculture,Org,WER,1,1,0,1,A,1,0,0
174,B3,1,A_WNR_Org_1,A_WNR,monoculture,Org,WNR,1,0,1,1,A,1,0,0
175,B3,2,A_WNR_Org_2,A_WNR,monoculture,Org,WNR,1,0,1,1,A,1,0,0
176,B3,3,A_WNR_Org_3,A_WNR,monoculture,Org,WNR,1,0,1,1,A,1,0,0
177,B3,1,A_W_Org_1,A_W,monoculture,Org,W,1,0,0,0,A,1,0,0
178,B3,2,A_W_Org_2,A_W,monoculture,Org,W,1,0,0,0,A,1,0,0
179,B3,3,A_W_Org_3,A_W,monoculture,Org,W,1,0,0,0,A,1,0,0
180,B1,1,K-Fib_Ctrl_Org_1,K-Fib_Ctrl,co-culture,Org,Ctrl,0,0,0,0,K,0,1,0
181,B1,2,K-Fib_Ctrl_Org_2,K-Fib_Ctrl,co-culture,Org,Ctrl,0,0,0,0,K,0,1,0
182,B1,3,K-Fib_Ctrl_Org_3,K-Fib_Ctrl,co-culture,Org,Ctrl,0,0,0,0,K,0,1,0
183,B1,1,K-Fib_ENR_Org_1,K-Fib_ENR,co-culture,Org,ENR,0,1,1,1,K,0,1,0
184,B1,2,K-Fib_ENR_Org_2,K-Fib_ENR,co-culture,Org,ENR,0,1,1,1,K,0,1,0
185,B1,3,K-Fib_ENR_Org_3,K-Fib_ENR,co-culture,Org,ENR,0,1,1,1,K,0,1,0
186,B1,1,K-Fib_E_Org_1,K-Fib_E,co-culture,Org,E,0,1,0,0,K,0,1,0
187,B1,2,K-Fib_E_Org_2,K-Fib_E,co-culture,Org,E,0,1,0,0,K,0,1,0
188,B1,3,K-Fib_E_Org_3,K-Fib_E,co-culture,Org,E,0,1,0,0,K,0,1,0
189,B1,1,K-Fib_N_Org_1,K-Fib_N,co-culture,Org,N,0,0,1,0,K,0,1,0
190,B1,2,K-Fib_N_Org_2,K-Fib_N,co-culture,Org,N,0,0,1,0,K,0,1,0
191,B1,3,K-Fib_N_Org_3,K-Fib_N,co-culture,Org,N,0,0,1,0,K,0,1,0
192,B1,1,K-Fib_R_Org_1,K-Fib_R,co-culture,Org,R,0,0,0,1,K,0,1,0
193,B1,2,K-Fib_R_Org_2,K-Fib_R,co-culture,Org,R,0,0,0,1,K,0,1,0
194,B1,3,K-Fib_R_Org_3,K-Fib_R,co-culture,Org,R,0,0,0,1,K,0,1,0
195,B1,1,K-Fib_WENR_Org_1,K-Fib_WENR,co-culture,Org,WENR,1,1,1,1,K,0,1,0
196,B1,2,K-Fib_WENR_Org_2,K-Fib_WENR,co-culture,Org,WENR,1,1,1,1,K,0,1,0
197,B1,3,K-Fib_WENR_Org_3,K-Fib_WENR,co-culture,Org,WENR,1,1,1,1,K,0,1,0
198,B1,1,K-Fib_WEN_Org_1,K-Fib_WEN,co-culture,Org,WEN,1,1,1,0,K,0,1,0
199,B1,2,K-Fib_WEN_Org_2,K-Fib_WEN,co-culture,Org,WEN,1,1,1,0,K,0,1,0
200,B1,3,K-Fib_WEN_Org_3,K-Fib_WEN,co-culture,Org,WEN,1,1,1,0,K,0,1,0
201,B1,1,K-Fib_WER_Org_1,K-Fib_WER,co-culture,Org,WER,1,1,0,1,K,0,1,0
202,B1,2,K-Fib_WER_Org_2,K-Fib_WER,co-culture,Org,WER,1,1,0,1,K,0,1,0
203,B1,3,K-Fib_WER_Org_3,K-Fib_WER,co-culture,Org,WER,1,1,0,1,K,0,1,0
204,B1,1,K-Fib_WNR_Org_1,K-Fib_WNR,co-culture,Org,WNR,1,0,1,1,K,0,1,0
205,B1,2,K-Fib_WNR_Org_2,K-Fib_WNR,co-culture,Org,WNR,1,0,1,1,K,0,1,0
206,B1,3,K-Fib_WNR_Org_3,K-Fib_WNR,co-culture,Org,WNR,1,0,1,1,K,0,1,0
207,B1,1,K-Fib_W_Org_1,K-Fib_W,co-culture,Org,W,1,0,0,0,K,0,1,0
208,B1,2,K-Fib_W_Org_2,K-Fib_W,co-culture,Org,W,1,0,0,0,K,0,1,0
209,B1,3,K-Fib_W_Org_3,K-Fib_W,co-culture,Org,W,1,0,0,0,K,0,1,0
210,B1,1,KP-Fib_Ctrl_Org_1,KP-Fib_Ctrl,co-culture,Org,Ctrl,0,0,0,0,KP,0,1,1
211,B1,2,KP-Fib_Ctrl_Org_2,KP-Fib_Ctrl,co-culture,Org,Ctrl,0,0,0,0,KP,0,1,1
212,B1,3,KP-Fib_Ctrl_Org_3,KP-Fib_Ctrl,co-culture,Org,Ctrl,0,0,0,0,KP,0,1,1
213,B1,1,KP-Fib_ENR_Org_1,KP-Fib_ENR,co-culture,Org,ENR,0,1,1,1,KP,0,1,1
214,B1,2,KP-Fib_ENR_Org_2,KP-Fib_ENR,co-culture,Org,ENR,0,1,1,1,KP,0,1,1
215,B1,3,KP-Fib_ENR_Org_3,KP-Fib_ENR,co-culture,Org,ENR,0,1,1,1,KP,0,1,1
216,B1,1,KP-Fib_E_Org_1,KP-Fib_E,co-culture,Org,E,0,1,0,0,KP,0,1,1
217,B1,2,KP-Fib_E_Org_2,KP-Fib_E,co-culture,Org,E,0,1,0,0,KP,0,1,1
218,B1,3,KP-Fib_E_Org_3,KP-Fib_E,co-culture,Org,E,0,1,0,0,KP,0,1,1
219,B1,1,KP-Fib_N_Org_1,KP-Fib_N,co-culture,Org,N,0,0,1,0,KP,0,1,1
220,B1,2,KP-Fib_N_Org_2,KP-Fib_N,co-culture,Org,N,0,0,1,0,KP,0,1,1
221,B1,3,KP-Fib_N_Org_3,KP-Fib_N,co-culture,Org,N,0,0,1,0,KP,0,1,1
222,B1,1,KP-Fib_R_Org_1,KP-Fib_R,co-culture,Org,R,0,0,0,1,KP,0,1,1
223,B1,2,KP-Fib_R_Org_2,KP-Fib_R,co-culture,Org,R,0,0,0,1,KP,0,1,1
224,B1,3,KP-Fib_R_Org_3,KP-Fib_R,co-culture,Org,R,0,0,0,1,KP,0,1,1
225,B1,1,KP-Fib_WENR_Org_1,KP-Fib_WENR,co-culture,Org,WENR,1,1,1,1,KP,0,1,1
226,B1,2,KP-Fib_WENR_Org_2,KP-Fib_WENR,co-culture,Org,WENR,1,1,1,1,KP,0,1,1
227,B1,3,KP-Fib_WENR_Org_3,KP-Fib_WENR,co-culture,Org,WENR,1,1,1,1,KP,0,1,1
228,B1,1,KP-Fib_WEN_Org_1,KP-Fib_WEN,co-culture,Org,WEN,1,1,1,0,KP,0,1,1
229,B1,2,KP-Fib_WEN_Org_2,KP-Fib_WEN,co-culture,Org,WEN,1,1,1,0,KP,0,1,1
230,B1,3,KP-Fib_WEN_Org_3,KP-Fib_WEN,co-culture,Org,WEN,1,1,1,0,KP,0,1,1
231,B1,1,KP-Fib_WER_Org_1,KP-Fib_WER,co-culture,Org,WER,1,1,0,1,KP,0,1,1
232,B1,2,KP-Fib_WER_Org_2,KP-Fib_WER,co-culture,Org,WER,1,1,0,1,KP,0,1,1
233,B1,3,KP-Fib_WER_Org_3,KP-Fib_WER,co-culture,Org,WER,1,1,0,1,KP,0,1,1
234,B1,1,KP-Fib_WNR_Org_1,KP-Fib_WNR,co-culture,Org,WNR,1,0,1,1,KP,0,1,1
235,B1,2,KP-Fib_WNR_Org_2,KP-Fib_WNR,co-culture,Org,WNR,1,0,1,1,KP,0,1,1
236,B1,3,KP-Fib_WNR_Org_3,KP-Fib_WNR,co-culture,Org,WNR,1,0,1,1,KP,0,1,1
237,B1,1,KP-Fib_W_Org_1,KP-Fib_W,co-culture,Org,W,1,0,0,0,KP,0,1,1
238,B1,2,KP-Fib_W_Org_2,KP-Fib_W,co-culture,Org,W,1,0,0,0,KP,0,1,1
239,B1,3,KP-Fib_W_Org_3,KP-Fib_W,co-culture,Org,W,1,0,0,0,KP,0,1,1
240,B1,1,KP_Ctrl_Org_1,KP_Ctrl,monoculture,Org,Ctrl,0,0,0,0,KP,0,1,1
241,B1,2,KP_Ctrl_Org_2,KP_Ctrl,monoculture,Org,Ctrl,0,0,0,0,KP,0,1,1
242,B1,3,KP_Ctrl_Org_3,KP_Ctrl,monoculture,Org,Ctrl,0,0,0,0,KP,0,1,1
243,B1,1,KP_ENR_Org_1,KP_ENR,monoculture,Org,ENR,0,1,1,1,KP,0,1,1
244,B1,2,KP_ENR_Org_2,KP_ENR,monoculture,Org,ENR,0,1,1,1,KP,0,1,1
245,B1,3,KP_ENR_Org_3,KP_ENR,monoculture,Org,ENR,0,1,1,1,KP,0,1,1
246,B1,1,KP_E_Org_1,KP_E,monoculture,Org,E,0,1,0,0,KP,0,1,1
247,B1,2,KP_E_Org_2,KP_E,monoculture,Org,E,0,1,0,0,KP,0,1,1
248,B1,3,KP_E_Org_3,KP_E,monoculture,Org,E,0,1,0,0,KP,0,1,1
249,B1,1,KP_N_Org_1,KP_N,monoculture,Org,N,0,0,1,0,KP,0,1,1
250,B1,2,KP_N_Org_2,KP_N,monoculture,Org,N,0,0,1,0,KP,0,1,1
251,B1,3,KP_N_Org_3,KP_N,monoculture,Org,N,0,0,1,0,KP,0,1,1
252,B1,1,KP_R_Org_1,KP_R,monoculture,Org,R,0,0,0,1,KP,0,1,1
253,B1,2,KP_R_Org_2,KP_R,monoculture,Org,R,0,0,0,1,KP,0,1,1
254,B1,3,KP_R_Org_3,KP_R,monoculture,Org,R,0,0,0,1,KP,0,1,1
255,B1,1,KP_WENR_Org_1,KP_WENR,monoculture,Org,WENR,1,1,1,1,KP,0,1,1
256,B1,2,KP_WENR_Org_2,KP_WENR,monoculture,Org,WENR,1,1,1,1,KP,0,1,1
257,B1,3,KP_WENR_Org_3,KP_WENR,monoculture,Org,WENR,1,1,1,1,KP,0,1,1
258,B1,1,KP_WEN_Org_1,KP_WEN,monoculture,Org,WEN,1,1,1,0,KP,0,1,1
259,B1,2,KP_WEN_Org_2,KP_WEN,monoculture,Org,WEN,1,1,1,0,KP,0,1,1
260,B1,3,KP_WEN_Org_3,KP_WEN,monoculture,Org,WEN,1,1,1,0,KP,0,1,1
261,B1,1,KP_WER_Org_1,KP_WER,monoculture,Org,WER,1,1,0,1,KP,0,1,1
262,B1,2,KP_WER_Org_2,KP_WER,monoculture,Org,WER,1,1,0,1,KP,0,1,1
263,B1,3,KP_WER_Org_3,KP_WER,monoculture,Org,WER,1,1,0,1,KP,0,1,1
264,B1,1,KP_WNR_Org_1,KP_WNR,monoculture,Org,WNR,1,0,1,1,KP,0,1,1
265,B1,2,KP_WNR_Org_2,KP_WNR,monoculture,Org,WNR,1,0,1,1,KP,0,1,1
266,B1,3,KP_WNR_Org_3,KP_WNR,monoculture,Org,WNR,1,0,1,1,KP,0,1,1
267,B1,1,KP_W_Org_1,KP_W,monoculture,Org,W,1,0,0,0,KP,0,1,1
268,B1,2,KP_W_Org_2,KP_W,monoculture,Org,W,1,0,0,0,KP,0,1,1
269,B1,3,KP_W_Org_3,KP_W,monoculture,Org,W,1,0,0,0,KP,0,1,1
270,B1,1,K_Ctrl_Org_1,K_Ctrl,monoculture,Org,Ctrl,0,0,0,0,K,0,1,0
271,B1,2,K_Ctrl_Org_2,K_Ctrl,monoculture,Org,Ctrl,0,0,0,0,K,0,1,0
272,B1,3,K_Ctrl_Org_3,K_Ctrl,monoculture,Org,Ctrl,0,0,0,0,K,0,1,0
273,B1,1,K_ENR_Org_1,K_ENR,monoculture,Org,ENR,0,1,1,1,K,0,1,0
274,B1,2,K_ENR_Org_2,K_ENR,monoculture,Org,ENR,0,1,1,1,K,0,1,0
275,B1,3,K_ENR_Org_3,K_ENR,monoculture,Org,ENR,0,1,1,1,K,0,1,0
276,B1,1,K_E_Org_1,K_E,monoculture,Org,E,0,1,0,0,K,0,1,0
277,B1,2,K_E_Org_2,K_E,monoculture,Org,E,0,1,0,0,K,0,1,0
278,B1,3,K_E_Org_3,K_E,monoculture,Org,E,0,1,0,0,K,0,1,0
279,B1,1,K_N_Org_1,K_N,monoculture,Org,N,0,0,1,0,K,0,1,0
280,B1,2,K_N_Org_2,K_N,monoculture,Org,N,0,0,1,0,K,0,1,0
281,B1,3,K_N_Org_3,K_N,monoculture,Org,N,0,0,1,0,K,0,1,0
282,B1,1,K_R_Org_1,K_R,monoculture,Org,R,0,0,0,1,K,0,1,0
283,B1,2,K_R_Org_2,K_R,monoculture,Org,R,0,0,0,1,K,0,1,0
284,B1,3,K_R_Org_3,K_R,monoculture,Org,R,0,0,0,1,K,0,1,0
285,B1,1,K_WENR_Org_1,K_WENR,monoculture,Org,WENR,1,1,1,1,K,0,1,0
286,B1,2,K_WENR_Org_2,K_WENR,monoculture,Org,WENR,1,1,1,1,K,0,1,0
287,B1,3,K_WENR_Org_3,K_WENR,monoculture,Org,WENR,1,1,1,1,K,0,1,0
288,B1,1,K_WEN_Org_1,K_WEN,monoculture,Org,WEN,1,1,1,0,K,0,1,0
289,B1,2,K_WEN_Org_2,K_WEN,monoculture,Org,WEN,1,1,1,0,K,0,1,0
290,B1,3,K_WEN_Org_3,K_WEN,monoculture,Org,WEN,1,1,1,0,K,0,1,0
291,B1,1,K_WER_Org_1,K_WER,monoculture,Org,WER,1,1,0,1,K,0,1,0
292,B1,2,K_WER_Org_2,K_WER,monoculture,Org,WER,1,1,0,1,K,0,1,0
293,B1,3,K_WER_Org_3,K_WER,monoculture,Org,WER,1,1,0,1,K,0,1,0
294,B1,1,K_WNR_Org_1,K_WNR,monoculture,Org,WNR,1,0,1,1,K,0,1,0
295,B1,2,K_WNR_Org_2,K_WNR,monoculture,Org,WNR,1,0,1,1,K,0,1,0
296,B1,3,K_WNR_Org_3,K_WNR,monoculture,Org,WNR,1,0,1,1,K,0,1,0
297,B1,1,K_W_Org_1,K_W,monoculture,Org,W,1,0,0,0,K,0,1,0
298,B1,2,K_W_Org_2,K_W,monoculture,Org,W,1,0,0,0,K,0,1,0
299,B1,3,K_W_Org_3,K_W,monoculture,Org,W,1,0,0,0,K,0,1,0
300,B2,1,WT-Fib_Ctrl_Org_1,WT-Fib_Ctrl,co-culture,Org,Ctrl,0,0,0,0,WT,0,0,0
301,B2,2,WT-Fib_Ctrl_Org_2,WT-Fib_Ctrl,co-culture,Org,Ctrl,0,0,0,0,WT,0,0,0
302,B2,3,WT-Fib_Ctrl_Org_3,WT-Fib_Ctrl,co-culture,Org,Ctrl,0,0,0,0,WT,0,0,0
303,B2,1,WT-Fib_ENR_Org_1,WT-Fib_ENR,co-culture,Org,ENR,0,1,1,1,WT,0,0,0
304,B2,2,WT-Fib_ENR_Org_2,WT-Fib_ENR,co-culture,Org,ENR,0,1,1,1,WT,0,0,0
305,B2,3,WT-Fib_ENR_Org_3,WT-Fib_ENR,co-culture,Org,ENR,0,1,1,1,WT,0,0,0
306,B2,1,WT-Fib_E_Org_1,WT-Fib_E,co-culture,Org,E,0,1,0,0,WT,0,0,0
307,B2,2,WT-Fib_E_Org_2,WT-Fib_E,co-culture,Org,E,0,1,0,0,WT,0,0,0
308,B2,3,WT-Fib_E_Org_3,WT-Fib_E,co-culture,Org,E,0,1,0,0,WT,0,0,0
309,B2,1,WT-Fib_N_Org_1,WT-Fib_N,co-culture,Org,N,0,0,1,0,WT,0,0,0
310,B2,2,WT-Fib_N_Org_2,WT-Fib_N,co-culture,Org,N,0,0,1,0,WT,0,0,0
311,B2,3,WT-Fib_N_Org_3,WT-Fib_N,co-culture,Org,N,0,0,1,0,WT,0,0,0
312,B2,1,WT-Fib_R_Org_1,WT-Fib_R,co-culture,Org,R,0,0,0,1,WT,0,0,0
313,B2,2,WT-Fib_R_Org_2,WT-Fib_R,co-culture,Org,R,0,0,0,1,WT,0,0,0
314,B2,3,WT-Fib_R_Org_3,WT-Fib_R,co-culture,Org,R,0,0,0,1,WT,0,0,0
315,B2,1,WT-Fib_WENR_Org_1,WT-Fib_WENR,co-culture,Org,WENR,1,1,1,1,WT,0,0,0
316,B2,2,WT-Fib_WENR_Org_2,WT-Fib_WENR,co-culture,Org,WENR,1,1,1,1,WT,0,0,0
317,B2,3,WT-Fib_WENR_Org_3,WT-Fib_WENR,co-culture,Org,WENR,1,1,1,1,WT,0,0,0
318,B2,1,WT-Fib_WEN_Org_1,WT-Fib_WEN,co-culture,Org,WEN,1,1,1,0,WT,0,0,0
319,B2,2,WT-Fib_WEN_Org_2,WT-Fib_WEN,co-culture,Org,WEN,1,1,1,0,WT,0,0,0
320,B2,3,WT-Fib_WEN_Org_3,WT-Fib_WEN,co-culture,Org,WEN,1,1,1,0,WT,0,0,0
321,B2,1,WT-Fib_WER_Org_1,WT-Fib_WER,co-culture,Org,WER,1,1,0,1,WT,0,0,0
322,B2,2,WT-Fib_WER_Org_2,WT-Fib_WER,co-culture,Org,WER,1,1,0,1,WT,0,0,0
323,B2,3,WT-Fib_WER_Org_3,WT-Fib_WER,co-culture,Org,WER,1,1,0,1,WT,0,0,0
324,B2,1,WT-Fib_WNR_Org_1,WT-Fib_WNR,co-culture,Org,WNR,1,0,1,1,WT,0,0,0
325,B2,2,WT-Fib_WNR_Org_2,WT-Fib_WNR,co-culture,Org,WNR,1,0,1,1,WT,0,0,0
326,B2,3,WT-Fib_WNR_Org_3,WT-Fib_WNR,co-culture,Org,WNR,1,0,1,1,WT,0,0,0
327,B2,1,WT-Fib_W_Org_1,WT-Fib_W,co-culture,Org,W,1,0,0,0,WT,0,0,0
328,B2,2,WT-Fib_W_Org_2,WT-Fib_W,co-culture,Org,W,1,0,0,0,WT,0,0,0
329,B2,3,WT-Fib_W_Org_3,WT-Fib_W,co-culture,Org,W,1,0,0,0,WT,0,0,0
330,B2,1,WT_Ctrl_Org_1,WT_Ctrl,monoculture,Org,Ctrl,0,0,0,0,WT,0,0,0
331,B2,2,WT_Ctrl_Org_2,WT_Ctrl,monoculture,Org,Ctrl,0,0,0,0,WT,0,0,0
332,B2,3,WT_Ctrl_Org_3,WT_Ctrl,monoculture,Org,Ctrl,0,0,0,0,WT,0,0,0
333,B2,1,WT_ENR_Org_1,WT_ENR,monoculture,Org,ENR,0,1,1,1,WT,0,0,0
334,B2,2,WT_ENR_Org_2,WT_ENR,monoculture,Org,ENR,0,1,1,1,WT,0,0,0
335,B2,3,WT_ENR_Org_3,WT_ENR,monoculture,Org,ENR,0,1,1,1,WT,0,0,0
336,B2,1,WT_E_Org_1,WT_E,monoculture,Org,E,0,1,0,0,WT,0,0,0
337,B2,2,WT_E_Org_2,WT_E,monoculture,Org,E,0,1,0,0,WT,0,0,0
338,B2,3,WT_E_Org_3,WT_E,monoculture,Org,E,0,1,0,0,WT,0,0,0
339,B2,1,WT_N_Org_1,WT_N,monoculture,Org,N,0,0,1,0,WT,0,0,0
340,B2,2,WT_N_Org_2,WT_N,monoculture,Org,N,0,0,1,0,WT,0,0,0
341,B2,3,WT_N_Org_3,WT_N,monoculture,Org,N,0,0,1,0,WT,0,0,0
342,B2,1,WT_R_Org_1,WT_R,monoculture,Org,R,0,0,0,1,WT,0,0,0
343,B2,2,WT_R_Org_2,WT_R,monoculture,Org,R,0,0,0,1,WT,0,0,0
344,B2,3,WT_R_Org_3,WT_R,monoculture,Org,R,0,0,0,1,WT,0,0,0
345,B2,1,WT_WENR_Org_1,WT_WENR,monoculture,Org,WENR,1,1,1,1,WT,0,0,0
346,B2,2,WT_WENR_Org_2,WT_WENR,monoculture,Org,WENR,1,1,1,1,WT,0,0,0
347,B2,3,WT_WENR_Org_3,WT_WENR,monoculture,Org,WENR,1,1,1,1,WT,0,0,0
348,B2,1,WT_WEN_Org_1,WT_WEN,monoculture,Org,WEN,1,1,1,0,WT,0,0,0
349,B2,2,WT_WEN_Org_2,WT_WEN,monoculture,Org,WEN,1,1,1,0,WT,0,0,0
350,B2,3,WT_WEN_Org_3,WT_WEN,monoculture,Org,WEN,1,1,1,0,WT,0,0,0
351,B2,1,WT_WER_Org_1,WT_WER,monoculture,Org,WER,1,1,0,1,WT,0,0,0
352,B2,2,WT_WER_Org_2,WT_WER,monoculture,Org,WER,1,1,0,1,WT,0,0,0
353,B2,3,WT_WER_Org_3,WT_WER,monoculture,Org,WER,1,1,0,1,WT,0,0,0
354,B2,1,WT_WNR_Org_1,WT_WNR,monoculture,Org,WNR,1,0,1,1,WT,0,0,0
355,B2,2,WT_WNR_Org_2,WT_WNR,monoculture,Org,WNR,1,0,1,1,WT,0,0,0
356,B2,3,WT_WNR_Org_3,WT_WNR,monoculture,Org,WNR,1,0,1,1,WT,0,0,0
357,B2,1,WT_W_Org_1,WT_W,monoculture,Org,W,1,0,0,0,WT,0,0,0
358,B2,2,WT_W_Org_2,WT_W,monoculture,Org,W,1,0,0,0,WT,0,0,0
359,B2,3,WT_W_Org_3,WT_W,monoculture,Org,W,1,0,0,0,WT,0,0,0
