,batch,genotype,media,replicate,culture,condition,ligand,inhibitor,A,K
0,B1,AK,Ctrl-CA3,1,AK_Ctrl-CA3,B1_AK_Ctrl-CA3_1,Ctrl,CA3,1,1
1,B1,AK,Ctrl-CA3,2,AK_Ctrl-CA3,B1_AK_Ctrl-CA3_2,Ctrl,CA3,1,1
2,B1,AK,Ctrl-CA3,3,AK_Ctrl-CA3,B1_AK_Ctrl-CA3_3,Ctrl,CA3,1,1
3,B1,AK,Ctrl-CHIR99021,1,AK_Ctrl-CHIR99021,B1_AK_Ctrl-CHIR99021_1,Ctrl,CHIR99021,1,1
4,B1,AK,Ctrl-CHIR99021,2,AK_Ctrl-CHIR99021,B1_AK_Ctrl-CHIR99021_2,Ctrl,CHIR99021,1,1
5,B1,AK,Ctrl-CHIR99021,3,AK_Ctrl-CHIR99021,B1_AK_Ctrl-CHIR99021_3,Ctrl,CHIR99021,1,1
6,B1,AK,Ctrl-Ctrl,1,AK_Ctrl-Ctrl,B1_AK_Ctrl-Ctrl_1,Ctrl,Ctrl,1,1
7,B1,AK,Ctrl-Ctrl,2,AK_Ctrl-Ctrl,B1_AK_Ctrl-Ctrl_2,Ctrl,Ctrl,1,1
8,B1,AK,Ctrl-Ctrl,3,AK_Ctrl-Ctrl,B1_AK_Ctrl-Ctrl_3,Ctrl,Ctrl,1,1
9,B1,AK,Ctrl-Dasatinib,1,AK_Ctrl-Dasatinib,B1_AK_Ctrl-Dasatinib_1,Ctrl,Dasatinib,1,1
10,B1,AK,Ctrl-Dasatinib,2,AK_Ctrl-Dasatinib,B1_AK_Ctrl-Dasatinib_2,Ctrl,Dasatinib,1,1
11,B1,AK,Ctrl-Dasatinib,3,AK_Ctrl-Dasatinib,B1_AK_Ctrl-Dasatinib_3,Ctrl,Dasatinib,1,1
12,B1,AK,Ctrl-GDC0941,1,AK_Ctrl-GDC0941,B1_AK_Ctrl-GDC0941_1,Ctrl,GDC0941,1,1
13,B1,AK,Ctrl-GDC0941,2,AK_Ctrl-GDC0941,B1_AK_Ctrl-GDC0941_2,Ctrl,GDC0941,1,1
14,B1,AK,Ctrl-GDC0941,3,AK_Ctrl-GDC0941,B1_AK_Ctrl-GDC0941_3,Ctrl,GDC0941,1,1
15,B1,AK,Ctrl-ICG001,1,AK_Ctrl-ICG001,B1_AK_Ctrl-ICG001_1,Ctrl,ICG001,1,1
16,B1,AK,Ctrl-ICG001,2,AK_Ctrl-ICG001,B1_AK_Ctrl-ICG001_2,Ctrl,ICG001,1,1
17,B1,AK,Ctrl-ICG001,3,AK_Ctrl-ICG001,B1_AK_Ctrl-ICG001_3,Ctrl,ICG001,1,1
18,B1,AK,Ctrl-PF573228,1,AK_Ctrl-PF573228,B1_AK_Ctrl-PF573228_1,Ctrl,PF573228,1,1
19,B1,AK,Ctrl-PF573228,2,AK_Ctrl-PF573228,B1_AK_Ctrl-PF573228_2,Ctrl,PF573228,1,1
20,B1,AK,Ctrl-PF573228,3,AK_Ctrl-PF573228,B1_AK_Ctrl-PF573228_3,Ctrl,PF573228,1,1
21,B1,AK,Ctrl-SIS3,1,AK_Ctrl-SIS3,B1_AK_Ctrl-SIS3_1,Ctrl,SIS3,1,1
22,B1,AK,Ctrl-SIS3,2,AK_Ctrl-SIS3,B1_AK_Ctrl-SIS3_2,Ctrl,SIS3,1,1
23,B1,AK,Ctrl-SIS3,3,AK_Ctrl-SIS3,B1_AK_Ctrl-SIS3_3,Ctrl,SIS3,1,1
24,B1,AK,Ctrl-Trametinib,1,AK_Ctrl-Trametinib,B1_AK_Ctrl-Trametinib_1,Ctrl,Trametinib,1,1
25,B1,AK,Ctrl-Trametinib,2,AK_Ctrl-Trametinib,B1_AK_Ctrl-Trametinib_2,Ctrl,Trametinib,1,1
26,B1,AK,Ctrl-Trametinib,3,AK_Ctrl-Trametinib,B1_AK_Ctrl-Trametinib_3,Ctrl,Trametinib,1,1
27,B1,AK,EREG-CA3,1,AK_EREG-CA3,B1_AK_EREG-CA3_1,EREG,CA3,1,1
28,B1,AK,EREG-CA3,2,AK_EREG-CA3,B1_AK_EREG-CA3_2,EREG,CA3,1,1
29,B1,AK,EREG-CA3,3,AK_EREG-CA3,B1_AK_EREG-CA3_3,EREG,CA3,1,1
30,B1,AK,EREG-CHIR99021,1,AK_EREG-CHIR99021,B1_AK_EREG-CHIR99021_1,EREG,CHIR99021,1,1
31,B1,AK,EREG-CHIR99021,2,AK_EREG-CHIR99021,B1_AK_EREG-CHIR99021_2,EREG,CHIR99021,1,1
32,B1,AK,EREG-CHIR99021,3,AK_EREG-CHIR99021,B1_AK_EREG-CHIR99021_3,EREG,CHIR99021,1,1
33,B1,AK,EREG-Ctrl,1,AK_EREG-Ctrl,B1_AK_EREG-Ctrl_1,EREG,Ctrl,1,1
34,B1,AK,EREG-Ctrl,2,AK_EREG-Ctrl,B1_AK_EREG-Ctrl_2,EREG,Ctrl,1,1
35,B1,AK,EREG-Ctrl,3,AK_EREG-Ctrl,B1_AK_EREG-Ctrl_3,EREG,Ctrl,1,1
36,B1,AK,EREG-Dasatinib,1,AK_EREG-Dasatinib,B1_AK_EREG-Dasatinib_1,EREG,Dasatinib,1,1
37,B1,AK,EREG-Dasatinib,2,AK_EREG-Dasatinib,B1_AK_EREG-Dasatinib_2,EREG,Dasatinib,1,1
38,B1,AK,EREG-Dasatinib,3,AK_EREG-Dasatinib,B1_AK_EREG-Dasatinib_3,EREG,Dasatinib,1,1
39,B1,AK,EREG-GDC0941,1,AK_EREG-GDC0941,B1_AK_EREG-GDC0941_1,EREG,GDC0941,1,1
40,B1,AK,EREG-GDC0941,2,AK_EREG-GDC0941,B1_AK_EREG-GDC0941_2,EREG,GDC0941,1,1
41,B1,AK,EREG-GDC0941,3,AK_EREG-GDC0941,B1_AK_EREG-GDC0941_3,EREG,GDC0941,1,1
42,B1,AK,EREG-ICG001,1,AK_EREG-ICG001,B1_AK_EREG-ICG001_1,EREG,ICG001,1,1
43,B1,AK,EREG-ICG001,2,AK_EREG-ICG001,B1_AK_EREG-ICG001_2,EREG,ICG001,1,1
44,B1,AK,EREG-ICG001,3,AK_EREG-ICG001,B1_AK_EREG-ICG001_3,EREG,ICG001,1,1
45,B1,AK,EREG-PF573228,1,AK_EREG-PF573228,B1_AK_EREG-PF573228_1,EREG,PF573228,1,1
46,B1,AK,EREG-PF573228,2,AK_EREG-PF573228,B1_AK_EREG-PF573228_2,EREG,PF573228,1,1
47,B1,AK,EREG-PF573228,3,AK_EREG-PF573228,B1_AK_EREG-PF573228_3,EREG,PF573228,1,1
48,B1,AK,EREG-SIS3,1,AK_EREG-SIS3,B1_AK_EREG-SIS3_1,EREG,SIS3,1,1
49,B1,AK,EREG-SIS3,2,AK_EREG-SIS3,B1_AK_EREG-SIS3_2,EREG,SIS3,1,1
50,B1,AK,EREG-SIS3,3,AK_EREG-SIS3,B1_AK_EREG-SIS3_3,EREG,SIS3,1,1
51,B1,AK,EREG-Trametinib,1,AK_EREG-Trametinib,B1_AK_EREG-Trametinib_1,EREG,Trametinib,1,1
52,B1,AK,EREG-Trametinib,2,AK_EREG-Trametinib,B1_AK_EREG-Trametinib_2,EREG,Trametinib,1,1
53,B1,AK,EREG-Trametinib,3,AK_EREG-Trametinib,B1_AK_EREG-Trametinib_3,EREG,Trametinib,1,1
54,B1,AK,TGFb1-CA3,1,AK_TGFb1-CA3,B1_AK_TGFb1-CA3_1,TGFb1,CA3,1,1
55,B1,AK,TGFb1-CA3,2,AK_TGFb1-CA3,B1_AK_TGFb1-CA3_2,TGFb1,CA3,1,1
56,B1,AK,TGFb1-CA3,3,AK_TGFb1-CA3,B1_AK_TGFb1-CA3_3,TGFb1,CA3,1,1
57,B1,AK,TGFb1-CHIR99021,1,AK_TGFb1-CHIR99021,B1_AK_TGFb1-CHIR99021_1,TGFb1,CHIR99021,1,1
58,B1,AK,TGFb1-CHIR99021,2,AK_TGFb1-CHIR99021,B1_AK_TGFb1-CHIR99021_2,TGFb1,CHIR99021,1,1
59,B1,AK,TGFb1-CHIR99021,3,AK_TGFb1-CHIR99021,B1_AK_TGFb1-CHIR99021_3,TGFb1,CHIR99021,1,1
60,B1,AK,TGFb1-Ctrl,1,AK_TGFb1-Ctrl,B1_AK_TGFb1-Ctrl_1,TGFb1,Ctrl,1,1
61,B1,AK,TGFb1-Ctrl,2,AK_TGFb1-Ctrl,B1_AK_TGFb1-Ctrl_2,TGFb1,Ctrl,1,1
62,B1,AK,TGFb1-Ctrl,3,AK_TGFb1-Ctrl,B1_AK_TGFb1-Ctrl_3,TGFb1,Ctrl,1,1
63,B1,AK,TGFb1-Dasatinib,1,AK_TGFb1-Dasatinib,B1_AK_TGFb1-Dasatinib_1,TGFb1,Dasatinib,1,1
64,B1,AK,TGFb1-Dasatinib,2,AK_TGFb1-Dasatinib,B1_AK_TGFb1-Dasatinib_2,TGFb1,Dasatinib,1,1
65,B1,AK,TGFb1-Dasatinib,3,AK_TGFb1-Dasatinib,B1_AK_TGFb1-Dasatinib_3,TGFb1,Dasatinib,1,1
66,B1,AK,TGFb1-GDC0941,1,AK_TGFb1-GDC0941,B1_AK_TGFb1-GDC0941_1,TGFb1,GDC0941,1,1
67,B1,AK,TGFb1-GDC0941,2,AK_TGFb1-GDC0941,B1_AK_TGFb1-GDC0941_2,TGFb1,GDC0941,1,1
68,B1,AK,TGFb1-GDC0941,3,AK_TGFb1-GDC0941,B1_AK_TGFb1-GDC0941_3,TGFb1,GDC0941,1,1
69,B1,AK,TGFb1-ICG001,1,AK_TGFb1-ICG001,B1_AK_TGFb1-ICG001_1,TGFb1,ICG001,1,1
70,B1,AK,TGFb1-ICG001,2,AK_TGFb1-ICG001,B1_AK_TGFb1-ICG001_2,TGFb1,ICG001,1,1
71,B1,AK,TGFb1-ICG001,3,AK_TGFb1-ICG001,B1_AK_TGFb1-ICG001_3,TGFb1,ICG001,1,1
72,B1,AK,TGFb1-PF573228,1,AK_TGFb1-PF573228,B1_AK_TGFb1-PF573228_1,TGFb1,PF573228,1,1
73,B1,AK,TGFb1-PF573228,2,AK_TGFb1-PF573228,B1_AK_TGFb1-PF573228_2,TGFb1,PF573228,1,1
74,B1,AK,TGFb1-PF573228,3,AK_TGFb1-PF573228,B1_AK_TGFb1-PF573228_3,TGFb1,PF573228,1,1
75,B1,AK,TGFb1-SIS3,1,AK_TGFb1-SIS3,B1_AK_TGFb1-SIS3_1,TGFb1,SIS3,1,1
76,B1,AK,TGFb1-SIS3,2,AK_TGFb1-SIS3,B1_AK_TGFb1-SIS3_2,TGFb1,SIS3,1,1
77,B1,AK,TGFb1-SIS3,3,AK_TGFb1-SIS3,B1_AK_TGFb1-SIS3_3,TGFb1,SIS3,1,1
78,B1,AK,TGFb1-Trametinib,1,AK_TGFb1-Trametinib,B1_AK_TGFb1-Trametinib_1,TGFb1,Trametinib,1,1
79,B1,AK,TGFb1-Trametinib,2,AK_TGFb1-Trametinib,B1_AK_TGFb1-Trametinib_2,TGFb1,Trametinib,1,1
80,B1,AK,TGFb1-Trametinib,3,AK_TGFb1-Trametinib,B1_AK_TGFb1-Trametinib_3,TGFb1,Trametinib,1,1
81,B1,AK,WNT3A-CA3,1,AK_WNT3A-CA3,B1_AK_WNT3A-CA3_1,WNT3A,CA3,1,1
82,B1,AK,WNT3A-CA3,2,AK_WNT3A-CA3,B1_AK_WNT3A-CA3_2,WNT3A,CA3,1,1
83,B1,AK,WNT3A-CA3,3,AK_WNT3A-CA3,B1_AK_WNT3A-CA3_3,WNT3A,CA3,1,1
84,B1,AK,WNT3A-CHIR99021,1,AK_WNT3A-CHIR99021,B1_AK_WNT3A-CHIR99021_1,WNT3A,CHIR99021,1,1
85,B1,AK,WNT3A-CHIR99021,2,AK_WNT3A-CHIR99021,B1_AK_WNT3A-CHIR99021_2,WNT3A,CHIR99021,1,1
86,B1,AK,WNT3A-CHIR99021,3,AK_WNT3A-CHIR99021,B1_AK_WNT3A-CHIR99021_3,WNT3A,CHIR99021,1,1
87,B1,AK,WNT3A-Ctrl,1,AK_WNT3A-Ctrl,B1_AK_WNT3A-Ctrl_1,WNT3A,Ctrl,1,1
88,B1,AK,WNT3A-Ctrl,2,AK_WNT3A-Ctrl,B1_AK_WNT3A-Ctrl_2,WNT3A,Ctrl,1,1
89,B1,AK,WNT3A-Ctrl,3,AK_WNT3A-Ctrl,B1_AK_WNT3A-Ctrl_3,WNT3A,Ctrl,1,1
90,B1,AK,WNT3A-Dasatinib,1,AK_WNT3A-Dasatinib,B1_AK_WNT3A-Dasatinib_1,WNT3A,Dasatinib,1,1
91,B1,AK,WNT3A-Dasatinib,2,AK_WNT3A-Dasatinib,B1_AK_WNT3A-Dasatinib_2,WNT3A,Dasatinib,1,1
92,B1,AK,WNT3A-Dasatinib,3,AK_WNT3A-Dasatinib,B1_AK_WNT3A-Dasatinib_3,WNT3A,Dasatinib,1,1
93,B1,AK,WNT3A-GDC0941,1,AK_WNT3A-GDC0941,B1_AK_WNT3A-GDC0941_1,WNT3A,GDC0941,1,1
94,B1,AK,WNT3A-GDC0941,2,AK_WNT3A-GDC0941,B1_AK_WNT3A-GDC0941_2,WNT3A,GDC0941,1,1
95,B1,AK,WNT3A-GDC0941,3,AK_WNT3A-GDC0941,B1_AK_WNT3A-GDC0941_3,WNT3A,GDC0941,1,1
96,B1,AK,WNT3A-ICG001,1,AK_WNT3A-ICG001,B1_AK_WNT3A-ICG001_1,WNT3A,ICG001,1,1
97,B1,AK,WNT3A-ICG001,2,AK_WNT3A-ICG001,B1_AK_WNT3A-ICG001_2,WNT3A,ICG001,1,1
98,B1,AK,WNT3A-ICG001,3,AK_WNT3A-ICG001,B1_AK_WNT3A-ICG001_3,WNT3A,ICG001,1,1
99,B1,AK,WNT3A-PF573228,1,AK_WNT3A-PF573228,B1_AK_WNT3A-PF573228_1,WNT3A,PF573228,1,1
100,B1,AK,WNT3A-PF573228,2,AK_WNT3A-PF573228,B1_AK_WNT3A-PF573228_2,WNT3A,PF573228,1,1
101,B1,AK,WNT3A-PF573228,3,AK_WNT3A-PF573228,B1_AK_WNT3A-PF573228_3,WNT3A,PF573228,1,1
102,B1,AK,WNT3A-SIS3,1,AK_WNT3A-SIS3,B1_AK_WNT3A-SIS3_1,WNT3A,SIS3,1,1
103,B1,AK,WNT3A-SIS3,2,AK_WNT3A-SIS3,B1_AK_WNT3A-SIS3_2,WNT3A,SIS3,1,1
104,B1,AK,WNT3A-SIS3,3,AK_WNT3A-SIS3,B1_AK_WNT3A-SIS3_3,WNT3A,SIS3,1,1
105,B1,AK,WNT3A-Trametinib,1,AK_WNT3A-Trametinib,B1_AK_WNT3A-Trametinib_1,WNT3A,Trametinib,1,1
106,B1,AK,WNT3A-Trametinib,2,AK_WNT3A-Trametinib,B1_AK_WNT3A-Trametinib_2,WNT3A,Trametinib,1,1
107,B1,AK,WNT3A-Trametinib,3,AK_WNT3A-Trametinib,B1_AK_WNT3A-Trametinib_3,WNT3A,Trametinib,1,1
108,B1,A,Ctrl-CA3,1,A_Ctrl-CA3,B1_A_Ctrl-CA3_1,Ctrl,CA3,1,0
109,B1,A,Ctrl-CA3,2,A_Ctrl-CA3,B1_A_Ctrl-CA3_2,Ctrl,CA3,1,0
110,B1,A,Ctrl-CA3,3,A_Ctrl-CA3,B1_A_Ctrl-CA3_3,Ctrl,CA3,1,0
111,B1,A,Ctrl-CHIR99021,1,A_Ctrl-CHIR99021,B1_A_Ctrl-CHIR99021_1,Ctrl,CHIR99021,1,0
112,B1,A,Ctrl-CHIR99021,2,A_Ctrl-CHIR99021,B1_A_Ctrl-CHIR99021_2,Ctrl,CHIR99021,1,0
113,B1,A,Ctrl-CHIR99021,3,A_Ctrl-CHIR99021,B1_A_Ctrl-CHIR99021_3,Ctrl,CHIR99021,1,0
114,B1,A,Ctrl-Ctrl,1,A_Ctrl-Ctrl,B1_A_Ctrl-Ctrl_1,Ctrl,Ctrl,1,0
115,B1,A,Ctrl-Ctrl,2,A_Ctrl-Ctrl,B1_A_Ctrl-Ctrl_2,Ctrl,Ctrl,1,0
116,B1,A,Ctrl-Ctrl,3,A_Ctrl-Ctrl,B1_A_Ctrl-Ctrl_3,Ctrl,Ctrl,1,0
117,B1,A,Ctrl-Dasatinib,1,A_Ctrl-Dasatinib,B1_A_Ctrl-Dasatinib_1,Ctrl,Dasatinib,1,0
118,B1,A,Ctrl-Dasatinib,2,A_Ctrl-Dasatinib,B1_A_Ctrl-Dasatinib_2,Ctrl,Dasatinib,1,0
119,B1,A,Ctrl-Dasatinib,3,A_Ctrl-Dasatinib,B1_A_Ctrl-Dasatinib_3,Ctrl,Dasatinib,1,0
120,B1,A,Ctrl-GDC0941,1,A_Ctrl-GDC0941,B1_A_Ctrl-GDC0941_1,Ctrl,GDC0941,1,0
121,B1,A,Ctrl-GDC0941,2,A_Ctrl-GDC0941,B1_A_Ctrl-GDC0941_2,Ctrl,GDC0941,1,0
122,B1,A,Ctrl-GDC0941,3,A_Ctrl-GDC0941,B1_A_Ctrl-GDC0941_3,Ctrl,GDC0941,1,0
123,B1,A,Ctrl-ICG001,1,A_Ctrl-ICG001,B1_A_Ctrl-ICG001_1,Ctrl,ICG001,1,0
124,B1,A,Ctrl-ICG001,2,A_Ctrl-ICG001,B1_A_Ctrl-ICG001_2,Ctrl,ICG001,1,0
125,B1,A,Ctrl-ICG001,3,A_Ctrl-ICG001,B1_A_Ctrl-ICG001_3,Ctrl,ICG001,1,0
126,B1,A,Ctrl-PF573228,1,A_Ctrl-PF573228,B1_A_Ctrl-PF573228_1,Ctrl,PF573228,1,0
127,B1,A,Ctrl-PF573228,2,A_Ctrl-PF573228,B1_A_Ctrl-PF573228_2,Ctrl,PF573228,1,0
128,B1,A,Ctrl-PF573228,3,A_Ctrl-PF573228,B1_A_Ctrl-PF573228_3,Ctrl,PF573228,1,0
129,B1,A,Ctrl-SIS3,1,A_Ctrl-SIS3,B1_A_Ctrl-SIS3_1,Ctrl,SIS3,1,0
130,B1,A,Ctrl-SIS3,2,A_Ctrl-SIS3,B1_A_Ctrl-SIS3_2,Ctrl,SIS3,1,0
131,B1,A,Ctrl-SIS3,3,A_Ctrl-SIS3,B1_A_Ctrl-SIS3_3,Ctrl,SIS3,1,0
132,B1,A,Ctrl-Trametinib,1,A_Ctrl-Trametinib,B1_A_Ctrl-Trametinib_1,Ctrl,Trametinib,1,0
133,B1,A,Ctrl-Trametinib,2,A_Ctrl-Trametinib,B1_A_Ctrl-Trametinib_2,Ctrl,Trametinib,1,0
134,B1,A,Ctrl-Trametinib,3,A_Ctrl-Trametinib,B1_A_Ctrl-Trametinib_3,Ctrl,Trametinib,1,0
135,B1,A,EREG-CA3,1,A_EREG-CA3,B1_A_EREG-CA3_1,EREG,CA3,1,0
136,B1,A,EREG-CA3,2,A_EREG-CA3,B1_A_EREG-CA3_2,EREG,CA3,1,0
137,B1,A,EREG-CA3,3,A_EREG-CA3,B1_A_EREG-CA3_3,EREG,CA3,1,0
138,B1,A,EREG-CHIR99021,1,A_EREG-CHIR99021,B1_A_EREG-CHIR99021_1,EREG,CHIR99021,1,0
139,B1,A,EREG-CHIR99021,2,A_EREG-CHIR99021,B1_A_EREG-CHIR99021_2,EREG,CHIR99021,1,0
140,B1,A,EREG-CHIR99021,3,A_EREG-CHIR99021,B1_A_EREG-CHIR99021_3,EREG,CHIR99021,1,0
141,B1,A,EREG-Ctrl,1,A_EREG-Ctrl,B1_A_EREG-Ctrl_1,EREG,Ctrl,1,0
142,B1,A,EREG-Ctrl,2,A_EREG-Ctrl,B1_A_EREG-Ctrl_2,EREG,Ctrl,1,0
143,B1,A,EREG-Ctrl,3,A_EREG-Ctrl,B1_A_EREG-Ctrl_3,EREG,Ctrl,1,0
144,B1,A,EREG-Dasatinib,1,A_EREG-Dasatinib,B1_A_EREG-Dasatinib_1,EREG,Dasatinib,1,0
145,B1,A,EREG-Dasatinib,2,A_EREG-Dasatinib,B1_A_EREG-Dasatinib_2,EREG,Dasatinib,1,0
146,B1,A,EREG-Dasatinib,3,A_EREG-Dasatinib,B1_A_EREG-Dasatinib_3,EREG,Dasatinib,1,0
147,B1,A,EREG-GDC0941,1,A_EREG-GDC0941,B1_A_EREG-GDC0941_1,EREG,GDC0941,1,0
148,B1,A,EREG-GDC0941,2,A_EREG-GDC0941,B1_A_EREG-GDC0941_2,EREG,GDC0941,1,0
149,B1,A,EREG-GDC0941,3,A_EREG-GDC0941,B1_A_EREG-GDC0941_3,EREG,GDC0941,1,0
150,B1,A,EREG-ICG001,1,A_EREG-ICG001,B1_A_EREG-ICG001_1,EREG,ICG001,1,0
151,B1,A,EREG-ICG001,2,A_EREG-ICG001,B1_A_EREG-ICG001_2,EREG,ICG001,1,0
152,B1,A,EREG-ICG001,3,A_EREG-ICG001,B1_A_EREG-ICG001_3,EREG,ICG001,1,0
153,B1,A,EREG-PF573228,1,A_EREG-PF573228,B1_A_EREG-PF573228_1,EREG,PF573228,1,0
154,B1,A,EREG-PF573228,2,A_EREG-PF573228,B1_A_EREG-PF573228_2,EREG,PF573228,1,0
155,B1,A,EREG-PF573228,3,A_EREG-PF573228,B1_A_EREG-PF573228_3,EREG,PF573228,1,0
156,B1,A,EREG-SIS3,1,A_EREG-SIS3,B1_A_EREG-SIS3_1,EREG,SIS3,1,0
157,B1,A,EREG-SIS3,2,A_EREG-SIS3,B1_A_EREG-SIS3_2,EREG,SIS3,1,0
158,B1,A,EREG-SIS3,3,A_EREG-SIS3,B1_A_EREG-SIS3_3,EREG,SIS3,1,0
159,B1,A,EREG-Trametinib,1,A_EREG-Trametinib,B1_A_EREG-Trametinib_1,EREG,Trametinib,1,0
160,B1,A,EREG-Trametinib,2,A_EREG-Trametinib,B1_A_EREG-Trametinib_2,EREG,Trametinib,1,0
161,B1,A,EREG-Trametinib,3,A_EREG-Trametinib,B1_A_EREG-Trametinib_3,EREG,Trametinib,1,0
162,B1,A,TGFb1-CA3,1,A_TGFb1-CA3,B1_A_TGFb1-CA3_1,TGFb1,CA3,1,0
163,B1,A,TGFb1-CA3,2,A_TGFb1-CA3,B1_A_TGFb1-CA3_2,TGFb1,CA3,1,0
164,B1,A,TGFb1-CA3,3,A_TGFb1-CA3,B1_A_TGFb1-CA3_3,TGFb1,CA3,1,0
165,B1,A,TGFb1-CHIR99021,1,A_TGFb1-CHIR99021,B1_A_TGFb1-CHIR99021_1,TGFb1,CHIR99021,1,0
166,B1,A,TGFb1-CHIR99021,2,A_TGFb1-CHIR99021,B1_A_TGFb1-CHIR99021_2,TGFb1,CHIR99021,1,0
167,B1,A,TGFb1-CHIR99021,3,A_TGFb1-CHIR99021,B1_A_TGFb1-CHIR99021_3,TGFb1,CHIR99021,1,0
168,B1,A,TGFb1-Ctrl,1,A_TGFb1-Ctrl,B1_A_TGFb1-Ctrl_1,TGFb1,Ctrl,1,0
169,B1,A,TGFb1-Ctrl,2,A_TGFb1-Ctrl,B1_A_TGFb1-Ctrl_2,TGFb1,Ctrl,1,0
170,B1,A,TGFb1-Ctrl,3,A_TGFb1-Ctrl,B1_A_TGFb1-Ctrl_3,TGFb1,Ctrl,1,0
171,B1,A,TGFb1-Dasatinib,1,A_TGFb1-Dasatinib,B1_A_TGFb1-Dasatinib_1,TGFb1,Dasatinib,1,0
172,B1,A,TGFb1-Dasatinib,2,A_TGFb1-Dasatinib,B1_A_TGFb1-Dasatinib_2,TGFb1,Dasatinib,1,0
173,B1,A,TGFb1-Dasatinib,3,A_TGFb1-Dasatinib,B1_A_TGFb1-Dasatinib_3,TGFb1,Dasatinib,1,0
174,B1,A,TGFb1-GDC0941,1,A_TGFb1-GDC0941,B1_A_TGFb1-GDC0941_1,TGFb1,GDC0941,1,0
175,B1,A,TGFb1-GDC0941,2,A_TGFb1-GDC0941,B1_A_TGFb1-GDC0941_2,TGFb1,GDC0941,1,0
176,B1,A,TGFb1-GDC0941,3,A_TGFb1-GDC0941,B1_A_TGFb1-GDC0941_3,TGFb1,GDC0941,1,0
177,B1,A,TGFb1-ICG001,1,A_TGFb1-ICG001,B1_A_TGFb1-ICG001_1,TGFb1,ICG001,1,0
178,B1,A,TGFb1-ICG001,2,A_TGFb1-ICG001,B1_A_TGFb1-ICG001_2,TGFb1,ICG001,1,0
179,B1,A,TGFb1-ICG001,3,A_TGFb1-ICG001,B1_A_TGFb1-ICG001_3,TGFb1,ICG001,1,0
180,B1,A,TGFb1-PF573228,1,A_TGFb1-PF573228,B1_A_TGFb1-PF573228_1,TGFb1,PF573228,1,0
181,B1,A,TGFb1-PF573228,2,A_TGFb1-PF573228,B1_A_TGFb1-PF573228_2,TGFb1,PF573228,1,0
182,B1,A,TGFb1-PF573228,3,A_TGFb1-PF573228,B1_A_TGFb1-PF573228_3,TGFb1,PF573228,1,0
183,B1,A,TGFb1-SIS3,1,A_TGFb1-SIS3,B1_A_TGFb1-SIS3_1,TGFb1,SIS3,1,0
184,B1,A,TGFb1-SIS3,2,A_TGFb1-SIS3,B1_A_TGFb1-SIS3_2,TGFb1,SIS3,1,0
185,B1,A,TGFb1-SIS3,3,A_TGFb1-SIS3,B1_A_TGFb1-SIS3_3,TGFb1,SIS3,1,0
186,B1,A,TGFb1-Trametinib,1,A_TGFb1-Trametinib,B1_A_TGFb1-Trametinib_1,TGFb1,Trametinib,1,0
187,B1,A,TGFb1-Trametinib,2,A_TGFb1-Trametinib,B1_A_TGFb1-Trametinib_2,TGFb1,Trametinib,1,0
188,B1,A,TGFb1-Trametinib,3,A_TGFb1-Trametinib,B1_A_TGFb1-Trametinib_3,TGFb1,Trametinib,1,0
189,B1,A,WNT3A-CA3,1,A_WNT3A-CA3,B1_A_WNT3A-CA3_1,WNT3A,CA3,1,0
190,B1,A,WNT3A-CA3,2,A_WNT3A-CA3,B1_A_WNT3A-CA3_2,WNT3A,CA3,1,0
191,B1,A,WNT3A-CA3,3,A_WNT3A-CA3,B1_A_WNT3A-CA3_3,WNT3A,CA3,1,0
192,B1,A,WNT3A-CHIR99021,1,A_WNT3A-CHIR99021,B1_A_WNT3A-CHIR99021_1,WNT3A,CHIR99021,1,0
193,B1,A,WNT3A-CHIR99021,2,A_WNT3A-CHIR99021,B1_A_WNT3A-CHIR99021_2,WNT3A,CHIR99021,1,0
194,B1,A,WNT3A-CHIR99021,3,A_WNT3A-CHIR99021,B1_A_WNT3A-CHIR99021_3,WNT3A,CHIR99021,1,0
195,B1,A,WNT3A-Ctrl,1,A_WNT3A-Ctrl,B1_A_WNT3A-Ctrl_1,WNT3A,Ctrl,1,0
196,B1,A,WNT3A-Ctrl,2,A_WNT3A-Ctrl,B1_A_WNT3A-Ctrl_2,WNT3A,Ctrl,1,0
197,B1,A,WNT3A-Ctrl,3,A_WNT3A-Ctrl,B1_A_WNT3A-Ctrl_3,WNT3A,Ctrl,1,0
198,B1,A,WNT3A-Dasatinib,1,A_WNT3A-Dasatinib,B1_A_WNT3A-Dasatinib_1,WNT3A,Dasatinib,1,0
199,B1,A,WNT3A-Dasatinib,2,A_WNT3A-Dasatinib,B1_A_WNT3A-Dasatinib_2,WNT3A,Dasatinib,1,0
200,B1,A,WNT3A-Dasatinib,3,A_WNT3A-Dasatinib,B1_A_WNT3A-Dasatinib_3,WNT3A,Dasatinib,1,0
201,B1,A,WNT3A-GDC0941,1,A_WNT3A-GDC0941,B1_A_WNT3A-GDC0941_1,WNT3A,GDC0941,1,0
202,B1,A,WNT3A-GDC0941,2,A_WNT3A-GDC0941,B1_A_WNT3A-GDC0941_2,WNT3A,GDC0941,1,0
203,B1,A,WNT3A-GDC0941,3,A_WNT3A-GDC0941,B1_A_WNT3A-GDC0941_3,WNT3A,GDC0941,1,0
204,B1,A,WNT3A-ICG001,1,A_WNT3A-ICG001,B1_A_WNT3A-ICG001_1,WNT3A,ICG001,1,0
205,B1,A,WNT3A-ICG001,2,A_WNT3A-ICG001,B1_A_WNT3A-ICG001_2,WNT3A,ICG001,1,0
206,B1,A,WNT3A-ICG001,3,A_WNT3A-ICG001,B1_A_WNT3A-ICG001_3,WNT3A,ICG001,1,0
207,B1,A,WNT3A-PF573228,1,A_WNT3A-PF573228,B1_A_WNT3A-PF573228_1,WNT3A,PF573228,1,0
208,B1,A,WNT3A-PF573228,2,A_WNT3A-PF573228,B1_A_WNT3A-PF573228_2,WNT3A,PF573228,1,0
209,B1,A,WNT3A-PF573228,3,A_WNT3A-PF573228,B1_A_WNT3A-PF573228_3,WNT3A,PF573228,1,0
210,B1,A,WNT3A-SIS3,1,A_WNT3A-SIS3,B1_A_WNT3A-SIS3_1,WNT3A,SIS3,1,0
211,B1,A,WNT3A-SIS3,2,A_WNT3A-SIS3,B1_A_WNT3A-SIS3_2,WNT3A,SIS3,1,0
212,B1,A,WNT3A-SIS3,3,A_WNT3A-SIS3,B1_A_WNT3A-SIS3_3,WNT3A,SIS3,1,0
213,B1,A,WNT3A-Trametinib,1,A_WNT3A-Trametinib,B1_A_WNT3A-Trametinib_1,WNT3A,Trametinib,1,0
214,B1,A,WNT3A-Trametinib,2,A_WNT3A-Trametinib,B1_A_WNT3A-Trametinib_2,WNT3A,Trametinib,1,0
215,B1,A,WNT3A-Trametinib,3,A_WNT3A-Trametinib,B1_A_WNT3A-Trametinib_3,WNT3A,Trametinib,1,0
216,B1,K,Ctrl-CA3,1,K_Ctrl-CA3,B1_K_Ctrl-CA3_1,Ctrl,CA3,0,1
217,B1,K,Ctrl-CA3,2,K_Ctrl-CA3,B1_K_Ctrl-CA3_2,Ctrl,CA3,0,1
218,B1,K,Ctrl-CA3,3,K_Ctrl-CA3,B1_K_Ctrl-CA3_3,Ctrl,CA3,0,1
219,B1,K,Ctrl-CHIR99021,1,K_Ctrl-CHIR99021,B1_K_Ctrl-CHIR99021_1,Ctrl,CHIR99021,0,1
220,B1,K,Ctrl-CHIR99021,2,K_Ctrl-CHIR99021,B1_K_Ctrl-CHIR99021_2,Ctrl,CHIR99021,0,1
221,B1,K,Ctrl-CHIR99021,3,K_Ctrl-CHIR99021,B1_K_Ctrl-CHIR99021_3,Ctrl,CHIR99021,0,1
222,B1,K,Ctrl-Ctrl,1,K_Ctrl-Ctrl,B1_K_Ctrl-Ctrl_1,Ctrl,Ctrl,0,1
223,B1,K,Ctrl-Ctrl,2,K_Ctrl-Ctrl,B1_K_Ctrl-Ctrl_2,Ctrl,Ctrl,0,1
224,B1,K,Ctrl-Ctrl,3,K_Ctrl-Ctrl,B1_K_Ctrl-Ctrl_3,Ctrl,Ctrl,0,1
225,B1,K,Ctrl-Dasatinib,1,K_Ctrl-Dasatinib,B1_K_Ctrl-Dasatinib_1,Ctrl,Dasatinib,0,1
226,B1,K,Ctrl-Dasatinib,2,K_Ctrl-Dasatinib,B1_K_Ctrl-Dasatinib_2,Ctrl,Dasatinib,0,1
227,B1,K,Ctrl-Dasatinib,3,K_Ctrl-Dasatinib,B1_K_Ctrl-Dasatinib_3,Ctrl,Dasatinib,0,1
228,B1,K,Ctrl-GDC0941,1,K_Ctrl-GDC0941,B1_K_Ctrl-GDC0941_1,Ctrl,GDC0941,0,1
229,B1,K,Ctrl-GDC0941,2,K_Ctrl-GDC0941,B1_K_Ctrl-GDC0941_2,Ctrl,GDC0941,0,1
230,B1,K,Ctrl-GDC0941,3,K_Ctrl-GDC0941,B1_K_Ctrl-GDC0941_3,Ctrl,GDC0941,0,1
231,B1,K,Ctrl-ICG001,1,K_Ctrl-ICG001,B1_K_Ctrl-ICG001_1,Ctrl,ICG001,0,1
232,B1,K,Ctrl-ICG001,2,K_Ctrl-ICG001,B1_K_Ctrl-ICG001_2,Ctrl,ICG001,0,1
233,B1,K,Ctrl-ICG001,3,K_Ctrl-ICG001,B1_K_Ctrl-ICG001_3,Ctrl,ICG001,0,1
234,B1,K,Ctrl-PF573228,1,K_Ctrl-PF573228,B1_K_Ctrl-PF573228_1,Ctrl,PF573228,0,1
235,B1,K,Ctrl-PF573228,2,K_Ctrl-PF573228,B1_K_Ctrl-PF573228_2,Ctrl,PF573228,0,1
236,B1,K,Ctrl-PF573228,3,K_Ctrl-PF573228,B1_K_Ctrl-PF573228_3,Ctrl,PF573228,0,1
237,B1,K,Ctrl-SIS3,1,K_Ctrl-SIS3,B1_K_Ctrl-SIS3_1,Ctrl,SIS3,0,1
238,B1,K,Ctrl-SIS3,2,K_Ctrl-SIS3,B1_K_Ctrl-SIS3_2,Ctrl,SIS3,0,1
239,B1,K,Ctrl-SIS3,3,K_Ctrl-SIS3,B1_K_Ctrl-SIS3_3,Ctrl,SIS3,0,1
240,B1,K,Ctrl-Trametinib,1,K_Ctrl-Trametinib,B1_K_Ctrl-Trametinib_1,Ctrl,Trametinib,0,1
241,B1,K,Ctrl-Trametinib,2,K_Ctrl-Trametinib,B1_K_Ctrl-Trametinib_2,Ctrl,Trametinib,0,1
242,B1,K,Ctrl-Trametinib,3,K_Ctrl-Trametinib,B1_K_Ctrl-Trametinib_3,Ctrl,Trametinib,0,1
243,B1,K,EREG-CA3,1,K_EREG-CA3,B1_K_EREG-CA3_1,EREG,CA3,0,1
244,B1,K,EREG-CA3,2,K_EREG-CA3,B1_K_EREG-CA3_2,EREG,CA3,0,1
245,B1,K,EREG-CA3,3,K_EREG-CA3,B1_K_EREG-CA3_3,EREG,CA3,0,1
246,B1,K,EREG-CHIR99021,1,K_EREG-CHIR99021,B1_K_EREG-CHIR99021_1,EREG,CHIR99021,0,1
247,B1,K,EREG-CHIR99021,2,K_EREG-CHIR99021,B1_K_EREG-CHIR99021_2,EREG,CHIR99021,0,1
248,B1,K,EREG-CHIR99021,3,K_EREG-CHIR99021,B1_K_EREG-CHIR99021_3,EREG,CHIR99021,0,1
249,B1,K,EREG-Ctrl,1,K_EREG-Ctrl,B1_K_EREG-Ctrl_1,EREG,Ctrl,0,1
250,B1,K,EREG-Ctrl,2,K_EREG-Ctrl,B1_K_EREG-Ctrl_2,EREG,Ctrl,0,1
251,B1,K,EREG-Ctrl,3,K_EREG-Ctrl,B1_K_EREG-Ctrl_3,EREG,Ctrl,0,1
252,B1,K,EREG-Dasatinib,1,K_EREG-Dasatinib,B1_K_EREG-Dasatinib_1,EREG,Dasatinib,0,1
253,B1,K,EREG-Dasatinib,2,K_EREG-Dasatinib,B1_K_EREG-Dasatinib_2,EREG,Dasatinib,0,1
254,B1,K,EREG-Dasatinib,3,K_EREG-Dasatinib,B1_K_EREG-Dasatinib_3,EREG,Dasatinib,0,1
255,B1,K,EREG-GDC0941,1,K_EREG-GDC0941,B1_K_EREG-GDC0941_1,EREG,GDC0941,0,1
256,B1,K,EREG-GDC0941,2,K_EREG-GDC0941,B1_K_EREG-GDC0941_2,EREG,GDC0941,0,1
257,B1,K,EREG-GDC0941,3,K_EREG-GDC0941,B1_K_EREG-GDC0941_3,EREG,GDC0941,0,1
258,B1,K,EREG-ICG001,1,K_EREG-ICG001,B1_K_EREG-ICG001_1,EREG,ICG001,0,1
259,B1,K,EREG-ICG001,2,K_EREG-ICG001,B1_K_EREG-ICG001_2,EREG,ICG001,0,1
260,B1,K,EREG-ICG001,3,K_EREG-ICG001,B1_K_EREG-ICG001_3,EREG,ICG001,0,1
261,B1,K,EREG-PF573228,1,K_EREG-PF573228,B1_K_EREG-PF573228_1,EREG,PF573228,0,1
262,B1,K,EREG-PF573228,2,K_EREG-PF573228,B1_K_EREG-PF573228_2,EREG,PF573228,0,1
263,B1,K,EREG-PF573228,3,K_EREG-PF573228,B1_K_EREG-PF573228_3,EREG,PF573228,0,1
264,B1,K,EREG-SIS3,1,K_EREG-SIS3,B1_K_EREG-SIS3_1,EREG,SIS3,0,1
265,B1,K,EREG-SIS3,2,K_EREG-SIS3,B1_K_EREG-SIS3_2,EREG,SIS3,0,1
266,B1,K,EREG-SIS3,3,K_EREG-SIS3,B1_K_EREG-SIS3_3,EREG,SIS3,0,1
267,B1,K,EREG-Trametinib,1,K_EREG-Trametinib,B1_K_EREG-Trametinib_1,EREG,Trametinib,0,1
268,B1,K,EREG-Trametinib,2,K_EREG-Trametinib,B1_K_EREG-Trametinib_2,EREG,Trametinib,0,1
269,B1,K,EREG-Trametinib,3,K_EREG-Trametinib,B1_K_EREG-Trametinib_3,EREG,Trametinib,0,1
270,B1,K,TGFb1-CA3,1,K_TGFb1-CA3,B1_K_TGFb1-CA3_1,TGFb1,CA3,0,1
271,B1,K,TGFb1-CA3,2,K_TGFb1-CA3,B1_K_TGFb1-CA3_2,TGFb1,CA3,0,1
272,B1,K,TGFb1-CA3,3,K_TGFb1-CA3,B1_K_TGFb1-CA3_3,TGFb1,CA3,0,1
273,B1,K,TGFb1-CHIR99021,1,K_TGFb1-CHIR99021,B1_K_TGFb1-CHIR99021_1,TGFb1,CHIR99021,0,1
274,B1,K,TGFb1-CHIR99021,2,K_TGFb1-CHIR99021,B1_K_TGFb1-CHIR99021_2,TGFb1,CHIR99021,0,1
275,B1,K,TGFb1-CHIR99021,3,K_TGFb1-CHIR99021,B1_K_TGFb1-CHIR99021_3,TGFb1,CHIR99021,0,1
276,B1,K,TGFb1-Ctrl,1,K_TGFb1-Ctrl,B1_K_TGFb1-Ctrl_1,TGFb1,Ctrl,0,1
277,B1,K,TGFb1-Ctrl,2,K_TGFb1-Ctrl,B1_K_TGFb1-Ctrl_2,TGFb1,Ctrl,0,1
278,B1,K,TGFb1-Ctrl,3,K_TGFb1-Ctrl,B1_K_TGFb1-Ctrl_3,TGFb1,Ctrl,0,1
279,B1,K,TGFb1-Dasatinib,1,K_TGFb1-Dasatinib,B1_K_TGFb1-Dasatinib_1,TGFb1,Dasatinib,0,1
280,B1,K,TGFb1-Dasatinib,2,K_TGFb1-Dasatinib,B1_K_TGFb1-Dasatinib_2,TGFb1,Dasatinib,0,1
281,B1,K,TGFb1-Dasatinib,3,K_TGFb1-Dasatinib,B1_K_TGFb1-Dasatinib_3,TGFb1,Dasatinib,0,1
282,B1,K,TGFb1-GDC0941,1,K_TGFb1-GDC0941,B1_K_TGFb1-GDC0941_1,TGFb1,GDC0941,0,1
283,B1,K,TGFb1-GDC0941,2,K_TGFb1-GDC0941,B1_K_TGFb1-GDC0941_2,TGFb1,GDC0941,0,1
284,B1,K,TGFb1-GDC0941,3,K_TGFb1-GDC0941,B1_K_TGFb1-GDC0941_3,TGFb1,GDC0941,0,1
285,B1,K,TGFb1-ICG001,1,K_TGFb1-ICG001,B1_K_TGFb1-ICG001_1,TGFb1,ICG001,0,1
286,B1,K,TGFb1-ICG001,2,K_TGFb1-ICG001,B1_K_TGFb1-ICG001_2,TGFb1,ICG001,0,1
287,B1,K,TGFb1-ICG001,3,K_TGFb1-ICG001,B1_K_TGFb1-ICG001_3,TGFb1,ICG001,0,1
288,B1,K,TGFb1-PF573228,1,K_TGFb1-PF573228,B1_K_TGFb1-PF573228_1,TGFb1,PF573228,0,1
289,B1,K,TGFb1-PF573228,2,K_TGFb1-PF573228,B1_K_TGFb1-PF573228_2,TGFb1,PF573228,0,1
290,B1,K,TGFb1-PF573228,3,K_TGFb1-PF573228,B1_K_TGFb1-PF573228_3,TGFb1,PF573228,0,1
291,B1,K,TGFb1-SIS3,1,K_TGFb1-SIS3,B1_K_TGFb1-SIS3_1,TGFb1,SIS3,0,1
292,B1,K,TGFb1-SIS3,2,K_TGFb1-SIS3,B1_K_TGFb1-SIS3_2,TGFb1,SIS3,0,1
293,B1,K,TGFb1-SIS3,3,K_TGFb1-SIS3,B1_K_TGFb1-SIS3_3,TGFb1,SIS3,0,1
294,B1,K,TGFb1-Trametinib,1,K_TGFb1-Trametinib,B1_K_TGFb1-Trametinib_1,TGFb1,Trametinib,0,1
295,B1,K,TGFb1-Trametinib,2,K_TGFb1-Trametinib,B1_K_TGFb1-Trametinib_2,TGFb1,Trametinib,0,1
296,B1,K,TGFb1-Trametinib,3,K_TGFb1-Trametinib,B1_K_TGFb1-Trametinib_3,TGFb1,Trametinib,0,1
297,B1,K,WNT3A-CA3,1,K_WNT3A-CA3,B1_K_WNT3A-CA3_1,WNT3A,CA3,0,1
298,B1,K,WNT3A-CA3,2,K_WNT3A-CA3,B1_K_WNT3A-CA3_2,WNT3A,CA3,0,1
299,B1,K,WNT3A-CA3,3,K_WNT3A-CA3,B1_K_WNT3A-CA3_3,WNT3A,CA3,0,1
300,B1,K,WNT3A-CHIR99021,1,K_WNT3A-CHIR99021,B1_K_WNT3A-CHIR99021_1,WNT3A,CHIR99021,0,1
301,B1,K,WNT3A-CHIR99021,2,K_WNT3A-CHIR99021,B1_K_WNT3A-CHIR99021_2,WNT3A,CHIR99021,0,1
302,B1,K,WNT3A-CHIR99021,3,K_WNT3A-CHIR99021,B1_K_WNT3A-CHIR99021_3,WNT3A,CHIR99021,0,1
303,B1,K,WNT3A-Ctrl,1,K_WNT3A-Ctrl,B1_K_WNT3A-Ctrl_1,WNT3A,Ctrl,0,1
304,B1,K,WNT3A-Ctrl,2,K_WNT3A-Ctrl,B1_K_WNT3A-Ctrl_2,WNT3A,Ctrl,0,1
305,B1,K,WNT3A-Ctrl,3,K_WNT3A-Ctrl,B1_K_WNT3A-Ctrl_3,WNT3A,Ctrl,0,1
306,B1,K,WNT3A-Dasatinib,1,K_WNT3A-Dasatinib,B1_K_WNT3A-Dasatinib_1,WNT3A,Dasatinib,0,1
307,B1,K,WNT3A-Dasatinib,2,K_WNT3A-Dasatinib,B1_K_WNT3A-Dasatinib_2,WNT3A,Dasatinib,0,1
308,B1,K,WNT3A-Dasatinib,3,K_WNT3A-Dasatinib,B1_K_WNT3A-Dasatinib_3,WNT3A,Dasatinib,0,1
309,B1,K,WNT3A-GDC0941,1,K_WNT3A-GDC0941,B1_K_WNT3A-GDC0941_1,WNT3A,GDC0941,0,1
310,B1,K,WNT3A-GDC0941,2,K_WNT3A-GDC0941,B1_K_WNT3A-GDC0941_2,WNT3A,GDC0941,0,1
311,B1,K,WNT3A-GDC0941,3,K_WNT3A-GDC0941,B1_K_WNT3A-GDC0941_3,WNT3A,GDC0941,0,1
312,B1,K,WNT3A-ICG001,1,K_WNT3A-ICG001,B1_K_WNT3A-ICG001_1,WNT3A,ICG001,0,1
313,B1,K,WNT3A-ICG001,2,K_WNT3A-ICG001,B1_K_WNT3A-ICG001_2,WNT3A,ICG001,0,1
314,B1,K,WNT3A-ICG001,3,K_WNT3A-ICG001,B1_K_WNT3A-ICG001_3,WNT3A,ICG001,0,1
315,B1,K,WNT3A-PF573228,1,K_WNT3A-PF573228,B1_K_WNT3A-PF573228_1,WNT3A,PF573228,0,1
316,B1,K,WNT3A-PF573228,2,K_WNT3A-PF573228,B1_K_WNT3A-PF573228_2,WNT3A,PF573228,0,1
317,B1,K,WNT3A-PF573228,3,K_WNT3A-PF573228,B1_K_WNT3A-PF573228_3,WNT3A,PF573228,0,1
318,B1,K,WNT3A-SIS3,1,K_WNT3A-SIS3,B1_K_WNT3A-SIS3_1,WNT3A,SIS3,0,1
319,B1,K,WNT3A-SIS3,2,K_WNT3A-SIS3,B1_K_WNT3A-SIS3_2,WNT3A,SIS3,0,1
320,B1,K,WNT3A-SIS3,3,K_WNT3A-SIS3,B1_K_WNT3A-SIS3_3,WNT3A,SIS3,0,1
321,B1,K,WNT3A-Trametinib,1,K_WNT3A-Trametinib,B1_K_WNT3A-Trametinib_1,WNT3A,Trametinib,0,1
322,B1,K,WNT3A-Trametinib,2,K_WNT3A-Trametinib,B1_K_WNT3A-Trametinib_2,WNT3A,Trametinib,0,1
323,B1,K,WNT3A-Trametinib,3,K_WNT3A-Trametinib,B1_K_WNT3A-Trametinib_3,WNT3A,Trametinib,0,1
324,B1,WT,Ctrl-CA3,1,WT_Ctrl-CA3,B1_WT_Ctrl-CA3_1,Ctrl,CA3,0,0
325,B1,WT,Ctrl-CA3,2,WT_Ctrl-CA3,B1_WT_Ctrl-CA3_2,Ctrl,CA3,0,0
326,B1,WT,Ctrl-CA3,3,WT_Ctrl-CA3,B1_WT_Ctrl-CA3_3,Ctrl,CA3,0,0
327,B1,WT,Ctrl-CHIR99021,1,WT_Ctrl-CHIR99021,B1_WT_Ctrl-CHIR99021_1,Ctrl,CHIR99021,0,0
328,B1,WT,Ctrl-CHIR99021,2,WT_Ctrl-CHIR99021,B1_WT_Ctrl-CHIR99021_2,Ctrl,CHIR99021,0,0
329,B1,WT,Ctrl-CHIR99021,3,WT_Ctrl-CHIR99021,B1_WT_Ctrl-CHIR99021_3,Ctrl,CHIR99021,0,0
330,B1,WT,Ctrl-Ctrl,1,WT_Ctrl-Ctrl,B1_WT_Ctrl-Ctrl_1,Ctrl,Ctrl,0,0
331,B1,WT,Ctrl-Ctrl,2,WT_Ctrl-Ctrl,B1_WT_Ctrl-Ctrl_2,Ctrl,Ctrl,0,0
332,B1,WT,Ctrl-Ctrl,3,WT_Ctrl-Ctrl,B1_WT_Ctrl-Ctrl_3,Ctrl,Ctrl,0,0
333,B1,WT,Ctrl-Dasatinib,1,WT_Ctrl-Dasatinib,B1_WT_Ctrl-Dasatinib_1,Ctrl,Dasatinib,0,0
334,B1,WT,Ctrl-Dasatinib,2,WT_Ctrl-Dasatinib,B1_WT_Ctrl-Dasatinib_2,Ctrl,Dasatinib,0,0
335,B1,WT,Ctrl-Dasatinib,3,WT_Ctrl-Dasatinib,B1_WT_Ctrl-Dasatinib_3,Ctrl,Dasatinib,0,0
336,B1,WT,Ctrl-GDC0941,1,WT_Ctrl-GDC0941,B1_WT_Ctrl-GDC0941_1,Ctrl,GDC0941,0,0
337,B1,WT,Ctrl-GDC0941,2,WT_Ctrl-GDC0941,B1_WT_Ctrl-GDC0941_2,Ctrl,GDC0941,0,0
338,B1,WT,Ctrl-GDC0941,3,WT_Ctrl-GDC0941,B1_WT_Ctrl-GDC0941_3,Ctrl,GDC0941,0,0
339,B1,WT,Ctrl-ICG001,1,WT_Ctrl-ICG001,B1_WT_Ctrl-ICG001_1,Ctrl,ICG001,0,0
340,B1,WT,Ctrl-ICG001,2,WT_Ctrl-ICG001,B1_WT_Ctrl-ICG001_2,Ctrl,ICG001,0,0
341,B1,WT,Ctrl-ICG001,3,WT_Ctrl-ICG001,B1_WT_Ctrl-ICG001_3,Ctrl,ICG001,0,0
342,B1,WT,Ctrl-PF573228,1,WT_Ctrl-PF573228,B1_WT_Ctrl-PF573228_1,Ctrl,PF573228,0,0
343,B1,WT,Ctrl-PF573228,2,WT_Ctrl-PF573228,B1_WT_Ctrl-PF573228_2,Ctrl,PF573228,0,0
344,B1,WT,Ctrl-PF573228,3,WT_Ctrl-PF573228,B1_WT_Ctrl-PF573228_3,Ctrl,PF573228,0,0
345,B1,WT,Ctrl-SIS3,1,WT_Ctrl-SIS3,B1_WT_Ctrl-SIS3_1,Ctrl,SIS3,0,0
346,B1,WT,Ctrl-SIS3,2,WT_Ctrl-SIS3,B1_WT_Ctrl-SIS3_2,Ctrl,SIS3,0,0
347,B1,WT,Ctrl-SIS3,3,WT_Ctrl-SIS3,B1_WT_Ctrl-SIS3_3,Ctrl,SIS3,0,0
348,B1,WT,Ctrl-Trametinib,1,WT_Ctrl-Trametinib,B1_WT_Ctrl-Trametinib_1,Ctrl,Trametinib,0,0
349,B1,WT,Ctrl-Trametinib,2,WT_Ctrl-Trametinib,B1_WT_Ctrl-Trametinib_2,Ctrl,Trametinib,0,0
350,B1,WT,Ctrl-Trametinib,3,WT_Ctrl-Trametinib,B1_WT_Ctrl-Trametinib_3,Ctrl,Trametinib,0,0
351,B1,WT,EREG-CA3,1,WT_EREG-CA3,B1_WT_EREG-CA3_1,EREG,CA3,0,0
352,B1,WT,EREG-CA3,2,WT_EREG-CA3,B1_WT_EREG-CA3_2,EREG,CA3,0,0
353,B1,WT,EREG-CA3,3,WT_EREG-CA3,B1_WT_EREG-CA3_3,EREG,CA3,0,0
354,B1,WT,EREG-CHIR99021,1,WT_EREG-CHIR99021,B1_WT_EREG-CHIR99021_1,EREG,CHIR99021,0,0
355,B1,WT,EREG-CHIR99021,2,WT_EREG-CHIR99021,B1_WT_EREG-CHIR99021_2,EREG,CHIR99021,0,0
356,B1,WT,EREG-CHIR99021,3,WT_EREG-CHIR99021,B1_WT_EREG-CHIR99021_3,EREG,CHIR99021,0,0
357,B1,WT,EREG-Ctrl,1,WT_EREG-Ctrl,B1_WT_EREG-Ctrl_1,EREG,Ctrl,0,0
358,B1,WT,EREG-Ctrl,2,WT_EREG-Ctrl,B1_WT_EREG-Ctrl_2,EREG,Ctrl,0,0
359,B1,WT,EREG-Ctrl,3,WT_EREG-Ctrl,B1_WT_EREG-Ctrl_3,EREG,Ctrl,0,0
360,B1,WT,EREG-Dasatinib,1,WT_EREG-Dasatinib,B1_WT_EREG-Dasatinib_1,EREG,Dasatinib,0,0
361,B1,WT,EREG-Dasatinib,2,WT_EREG-Dasatinib,B1_WT_EREG-Dasatinib_2,EREG,Dasatinib,0,0
362,B1,WT,EREG-Dasatinib,3,WT_EREG-Dasatinib,B1_WT_EREG-Dasatinib_3,EREG,Dasatinib,0,0
363,B1,WT,EREG-GDC0941,1,WT_EREG-GDC0941,B1_WT_EREG-GDC0941_1,EREG,GDC0941,0,0
364,B1,WT,EREG-GDC0941,2,WT_EREG-GDC0941,B1_WT_EREG-GDC0941_2,EREG,GDC0941,0,0
365,B1,WT,EREG-GDC0941,3,WT_EREG-GDC0941,B1_WT_EREG-GDC0941_3,EREG,GDC0941,0,0
366,B1,WT,EREG-ICG001,1,WT_EREG-ICG001,B1_WT_EREG-ICG001_1,EREG,ICG001,0,0
367,B1,WT,EREG-ICG001,2,WT_EREG-ICG001,B1_WT_EREG-ICG001_2,EREG,ICG001,0,0
368,B1,WT,EREG-ICG001,3,WT_EREG-ICG001,B1_WT_EREG-ICG001_3,EREG,ICG001,0,0
369,B1,WT,EREG-PF573228,1,WT_EREG-PF573228,B1_WT_EREG-PF573228_1,EREG,PF573228,0,0
370,B1,WT,EREG-PF573228,2,WT_EREG-PF573228,B1_WT_EREG-PF573228_2,EREG,PF573228,0,0
371,B1,WT,EREG-PF573228,3,WT_EREG-PF573228,B1_WT_EREG-PF573228_3,EREG,PF573228,0,0
372,B1,WT,EREG-SIS3,1,WT_EREG-SIS3,B1_WT_EREG-SIS3_1,EREG,SIS3,0,0
373,B1,WT,EREG-SIS3,2,WT_EREG-SIS3,B1_WT_EREG-SIS3_2,EREG,SIS3,0,0
374,B1,WT,EREG-SIS3,3,WT_EREG-SIS3,B1_WT_EREG-SIS3_3,EREG,SIS3,0,0
375,B1,WT,EREG-Trametinib,1,WT_EREG-Trametinib,B1_WT_EREG-Trametinib_1,EREG,Trametinib,0,0
376,B1,WT,EREG-Trametinib,2,WT_EREG-Trametinib,B1_WT_EREG-Trametinib_2,EREG,Trametinib,0,0
377,B1,WT,EREG-Trametinib,3,WT_EREG-Trametinib,B1_WT_EREG-Trametinib_3,EREG,Trametinib,0,0
378,B1,WT,TGFb1-CA3,1,WT_TGFb1-CA3,B1_WT_TGFb1-CA3_1,TGFb1,CA3,0,0
379,B1,WT,TGFb1-CA3,2,WT_TGFb1-CA3,B1_WT_TGFb1-CA3_2,TGFb1,CA3,0,0
380,B1,WT,TGFb1-CA3,3,WT_TGFb1-CA3,B1_WT_TGFb1-CA3_3,TGFb1,CA3,0,0
381,B1,WT,TGFb1-CHIR99021,1,WT_TGFb1-CHIR99021,B1_WT_TGFb1-CHIR99021_1,TGFb1,CHIR99021,0,0
382,B1,WT,TGFb1-CHIR99021,2,WT_TGFb1-CHIR99021,B1_WT_TGFb1-CHIR99021_2,TGFb1,CHIR99021,0,0
383,B1,WT,TGFb1-CHIR99021,3,WT_TGFb1-CHIR99021,B1_WT_TGFb1-CHIR99021_3,TGFb1,CHIR99021,0,0
384,B1,WT,TGFb1-Ctrl,1,WT_TGFb1-Ctrl,B1_WT_TGFb1-Ctrl_1,TGFb1,Ctrl,0,0
385,B1,WT,TGFb1-Ctrl,2,WT_TGFb1-Ctrl,B1_WT_TGFb1-Ctrl_2,TGFb1,Ctrl,0,0
386,B1,WT,TGFb1-Ctrl,3,WT_TGFb1-Ctrl,B1_WT_TGFb1-Ctrl_3,TGFb1,Ctrl,0,0
387,B1,WT,TGFb1-Dasatinib,1,WT_TGFb1-Dasatinib,B1_WT_TGFb1-Dasatinib_1,TGFb1,Dasatinib,0,0
388,B1,WT,TGFb1-Dasatinib,2,WT_TGFb1-Dasatinib,B1_WT_TGFb1-Dasatinib_2,TGFb1,Dasatinib,0,0
389,B1,WT,TGFb1-Dasatinib,3,WT_TGFb1-Dasatinib,B1_WT_TGFb1-Dasatinib_3,TGFb1,Dasatinib,0,0
390,B1,WT,TGFb1-GDC0941,1,WT_TGFb1-GDC0941,B1_WT_TGFb1-GDC0941_1,TGFb1,GDC0941,0,0
391,B1,WT,TGFb1-GDC0941,2,WT_TGFb1-GDC0941,B1_WT_TGFb1-GDC0941_2,TGFb1,GDC0941,0,0
392,B1,WT,TGFb1-GDC0941,3,WT_TGFb1-GDC0941,B1_WT_TGFb1-GDC0941_3,TGFb1,GDC0941,0,0
393,B1,WT,TGFb1-ICG001,1,WT_TGFb1-ICG001,B1_WT_TGFb1-ICG001_1,TGFb1,ICG001,0,0
394,B1,WT,TGFb1-ICG001,2,WT_TGFb1-ICG001,B1_WT_TGFb1-ICG001_2,TGFb1,ICG001,0,0
395,B1,WT,TGFb1-ICG001,3,WT_TGFb1-ICG001,B1_WT_TGFb1-ICG001_3,TGFb1,ICG001,0,0
396,B1,WT,TGFb1-PF573228,1,WT_TGFb1-PF573228,B1_WT_TGFb1-PF573228_1,TGFb1,PF573228,0,0
397,B1,WT,TGFb1-PF573228,2,WT_TGFb1-PF573228,B1_WT_TGFb1-PF573228_2,TGFb1,PF573228,0,0
398,B1,WT,TGFb1-PF573228,3,WT_TGFb1-PF573228,B1_WT_TGFb1-PF573228_3,TGFb1,PF573228,0,0
399,B1,WT,TGFb1-SIS3,1,WT_TGFb1-SIS3,B1_WT_TGFb1-SIS3_1,TGFb1,SIS3,0,0
400,B1,WT,TGFb1-SIS3,2,WT_TGFb1-SIS3,B1_WT_TGFb1-SIS3_2,TGFb1,SIS3,0,0
401,B1,WT,TGFb1-SIS3,3,WT_TGFb1-SIS3,B1_WT_TGFb1-SIS3_3,TGFb1,SIS3,0,0
402,B1,WT,TGFb1-Trametinib,1,WT_TGFb1-Trametinib,B1_WT_TGFb1-Trametinib_1,TGFb1,Trametinib,0,0
403,B1,WT,TGFb1-Trametinib,2,WT_TGFb1-Trametinib,B1_WT_TGFb1-Trametinib_2,TGFb1,Trametinib,0,0
404,B1,WT,TGFb1-Trametinib,3,WT_TGFb1-Trametinib,B1_WT_TGFb1-Trametinib_3,TGFb1,Trametinib,0,0
405,B1,WT,WNT3A-CA3,1,WT_WNT3A-CA3,B1_WT_WNT3A-CA3_1,WNT3A,CA3,0,0
406,B1,WT,WNT3A-CA3,2,WT_WNT3A-CA3,B1_WT_WNT3A-CA3_2,WNT3A,CA3,0,0
407,B1,WT,WNT3A-CA3,3,WT_WNT3A-CA3,B1_WT_WNT3A-CA3_3,WNT3A,CA3,0,0
408,B1,WT,WNT3A-CHIR99021,1,WT_WNT3A-CHIR99021,B1_WT_WNT3A-CHIR99021_1,WNT3A,CHIR99021,0,0
409,B1,WT,WNT3A-CHIR99021,2,WT_WNT3A-CHIR99021,B1_WT_WNT3A-CHIR99021_2,WNT3A,CHIR99021,0,0
410,B1,WT,WNT3A-CHIR99021,3,WT_WNT3A-CHIR99021,B1_WT_WNT3A-CHIR99021_3,WNT3A,CHIR99021,0,0
411,B1,WT,WNT3A-Ctrl,1,WT_WNT3A-Ctrl,B1_WT_WNT3A-Ctrl_1,WNT3A,Ctrl,0,0
412,B1,WT,WNT3A-Ctrl,2,WT_WNT3A-Ctrl,B1_WT_WNT3A-Ctrl_2,WNT3A,Ctrl,0,0
413,B1,WT,WNT3A-Ctrl,3,WT_WNT3A-Ctrl,B1_WT_WNT3A-Ctrl_3,WNT3A,Ctrl,0,0
414,B1,WT,WNT3A-Dasatinib,1,WT_WNT3A-Dasatinib,B1_WT_WNT3A-Dasatinib_1,WNT3A,Dasatinib,0,0
415,B1,WT,WNT3A-Dasatinib,2,WT_WNT3A-Dasatinib,B1_WT_WNT3A-Dasatinib_2,WNT3A,Dasatinib,0,0
416,B1,WT,WNT3A-Dasatinib,3,WT_WNT3A-Dasatinib,B1_WT_WNT3A-Dasatinib_3,WNT3A,Dasatinib,0,0
417,B1,WT,WNT3A-GDC0941,1,WT_WNT3A-GDC0941,B1_WT_WNT3A-GDC0941_1,WNT3A,GDC0941,0,0
418,B1,WT,WNT3A-GDC0941,2,WT_WNT3A-GDC0941,B1_WT_WNT3A-GDC0941_2,WNT3A,GDC0941,0,0
419,B1,WT,WNT3A-GDC0941,3,WT_WNT3A-GDC0941,B1_WT_WNT3A-GDC0941_3,WNT3A,GDC0941,0,0
420,B1,WT,WNT3A-ICG001,1,WT_WNT3A-ICG001,B1_WT_WNT3A-ICG001_1,WNT3A,ICG001,0,0
421,B1,WT,WNT3A-ICG001,2,WT_WNT3A-ICG001,B1_WT_WNT3A-ICG001_2,WNT3A,ICG001,0,0
422,B1,WT,WNT3A-ICG001,3,WT_WNT3A-ICG001,B1_WT_WNT3A-ICG001_3,WNT3A,ICG001,0,0
423,B1,WT,WNT3A-PF573228,1,WT_WNT3A-PF573228,B1_WT_WNT3A-PF573228_1,WNT3A,PF573228,0,0
424,B1,WT,WNT3A-PF573228,2,WT_WNT3A-PF573228,B1_WT_WNT3A-PF573228_2,WNT3A,PF573228,0,0
425,B1,WT,WNT3A-PF573228,3,WT_WNT3A-PF573228,B1_WT_WNT3A-PF573228_3,WNT3A,PF573228,0,0
426,B1,WT,WNT3A-SIS3,1,WT_WNT3A-SIS3,B1_WT_WNT3A-SIS3_1,WNT3A,SIS3,0,0
427,B1,WT,WNT3A-SIS3,2,WT_WNT3A-SIS3,B1_WT_WNT3A-SIS3_2,WNT3A,SIS3,0,0
428,B1,WT,WNT3A-SIS3,3,WT_WNT3A-SIS3,B1_WT_WNT3A-SIS3_3,WNT3A,SIS3,0,0
429,B1,WT,WNT3A-Trametinib,1,WT_WNT3A-Trametinib,B1_WT_WNT3A-Trametinib_1,WNT3A,Trametinib,0,0
430,B1,WT,WNT3A-Trametinib,2,WT_WNT3A-Trametinib,B1_WT_WNT3A-Trametinib_2,WNT3A,Trametinib,0,0
431,B1,WT,WNT3A-Trametinib,3,WT_WNT3A-Trametinib,B1_WT_WNT3A-Trametinib_3,WNT3A,Trametinib,0,0
