CD81+PDGFRAlow,ACKR4+fibroblast,CD81-PDGFRAlow,Telocyte,small intestine arteriole,small intestine capillary,small intestine vein,small intestine lymphatic,colon capillary arterial,colon capillary,colon vein,colon lymphatic
na,na,na,na,na,na,na,na,na,na,na,na
PRSS23,IL6,OGN,TAGLN,SCGB3A1,CAR4,MADCAM1,CCL21A,CXCL12,CAR4,LRG1,CCL21A
CD81,CD81,SFRP1,TMEM158,TMEM176A,RGCC,LRG1,MMRN1,SCGB3A1,RGCC,ACKR1,LYVE1
GREM1,CHODL,CST3,EDNRB,TMEM176B,NRP1,CLDN5,LYVE1,ID1,PLPP1,VWF,MMRN1
CILP,ADM,ADAMDEC1,KCNJ8,NCOA7,COL4A1,SLCO2A1,MAF,IER2,APLNR,MADCAM1,FGL2
PCOLCE2,GFPT2,TMEM158,ALDH1A1,LY6A,KDR,BGN,FGL2,LY6A,RAMP3,BGN,LCN2
ACKR4,CILP,EDNRB,MYL9,PLCB1,THBS1,VWF,RELN,KLF2,COL4A1,SLCO2A1,FXYD6
COL14A1,PIEZO2,NBL1,THBD,CLCA3A1,FLT1,TMEM252,CYP4B1,PLCB1,SPARC,TMSB10,IGFBP5
DPT,PCOLCE2,KCNJ8,CALD1,PODXL,APOLD1,CALCRL,AQP1,MNDAL,NKX2-3,CYTL1,CLDN5
AEBP1,PRSS23,SMOC2,TSPAN13,SCARB1,NKX2-3,ARRB1,LCN2,IGFBP3,HSPG2,PRCP,THY1
RBP1,OLFML2B,IGFBP5,04-Sep,CLEC2D,COL15A1,SLCO3A1,FLT4,KITL,AW112010,IL6ST,FTH1
IGFBP6,SERPINE1,MFAP4,PDGFRA,COL13A1,EHD4,MT-ND4,PRELP,CLEC1A,MGLL,TMEM252,PRELP
STC2,NPY1R,ALDH1A1,BMP5,STOM,PLVAP,MT-ND2,NRP2,HLX,SPARCL1,AMIGO2,PARD6G
POSTN,EBF1,TSPAN13,HIGD1A,LIFR,AW112010,RASA4,ADGRG3,ALOX12,FMO2,SPINT2,TPPP3
EBF1,FIGF,COL15A1,TMEM119,SLC30A1,RAMP3,ICAM1,STAB1,SLC26A10,TRP53I11,FAM174B,CYP4B1
MFAP5,GDF6,COL6A5,EDNRA,CYP26B1,ESM1,IL6ST,FXYD6,IFI203,COL15A1,APOE,RELN
PI16,DHRS3,IGFBP3,BMP7,P2RY6,RAPGEF4,2200002D01RIK,IFI27L2A,CYR61,CAR8,CALCRL,CP
,AR,LTBP4,F2R,SLC16A1,PLPP1,FAM174B,PARD6G,WARS,LAMB1,PTGS1,CD63
,COL8A1,THBD,TCF4,FAM167B,VWA1,PTGS1,TMSB10,FAM13C,SGK1,CADM3,MAF
,IER2,NCAM1,ABCC9,PTP4A3,TSC22D1,PLAC8,TNXB,SLC27A3,ENPP6,ACTN1,TIMP2
,PI16,TMEM176A,NBL1,ENTPD1,8430408G22RIK,EHD3,NR2F2,IFI47,IVNS1ABP,RASA4,FLT4
,MT2,PDGFRA,07-Sep,RARA,BCR,MT-ATP6,NTN1,MFAP2,JUN,EHD3,PDPN
,FLRT2,NRP1,SOX6,FAM13C,SGK1,GEM,CALD1,GULP1,SOX4,PRSS23,TIMP3
,RCAN1,HSD11B1,CAPZB,SYNE2,SPARC,APLNR,TPPP3,NOTCH4,DUSP6,SNCG,ADGRG3
,GPC3,HIGD1A,TRP53I11,CLEC1A,DLC1,GUCY1A3,TSHZ2,GBP5,MCAM,2200002D01RIK,CD9
,SCARA5,SOX6,PROCR,IRAK1,BHLHE40,EMP3,COL23A1,ATRX,APOLD1,CTSH,GPM6A
,LBP,ABCC9,EMID1,TRIM2,PLK2,ITGB4,DTX1,SLC39A10,ANKRD37,SLFN2,LBP
,FAM129A,CD81,RGS10,XPR1,PLPP3,LEPR,TIMP3,DYNC1H1,EDNRB,KLK8,IFI27L2A
,VLDLR,BMP7,ALCAM,SRPRB,IVNS1ABP,KLK8,CD63,STAT2,RAPGEF4,S100A10,CALD1
,FAP,GNAI1,GADD45A,GMPR,EXOC3L2,ARL4D,LTBP4,SMG1,THBS1,CTLA2A,NTN1
,POSTN,TMEM176B,BMP3,STARD4,HES1,ABCA1,CP,KLF3,FOS,ECM1,ABI3BP
,GREM1,ALCAM,SOX4,GSDMD,PRDM1,TGFBI,CAMK2N1,CENPA,ITGA6,ICAM1,DTX1
,ISM1,TAGLN,GJA1,PPP6R3,HSPG2,CYSLTR1,TIMP2,PWWP2B,CHRM2,CYSLTR1,TGFBI
,SLIT2,RGS5,SMOC2,DNAJC15,SOX4,PLEC,GMFG,ODF2,APLN,RBP1,COL18A1
,NTN4,IGFBP4,PDLIM1,AR,GM13889,PIGT,IL33,RUSC2,RAD51AP1,ADGRG6,AHNAK2
,AEBP1,EDNRA,EFEMP1,MAK16,TNFAIP2,IIGP1,PROX1,ASH1L,SELENBP1,AU021092,STAB1
,ADAMTSL3,CAV1,RERG,ZFP87,CAR8,MT-ND1,FTH1,JUNB,F2RL3,ELN,ARL4A
,FAM180A,MYL9,ACTA2,METAP1,MCAM,CTLA2A,MARCKS,ASB6,GBP2,LEPR,CYB5R3
,FIGN,PROCR,CASQ2,SLX1B,MNDAL,CTSH,GNG11,AP3B1,IIGP1,MGP,GUCY1B3
,RBP1,RERG,TPM2,KCNQ1OT1,NES,SPNS2,GPX3,FOXN2,HES1,ARRB1,COMT
,FAM71A,CALD1,FHL2,LIPE,IRF1,AMIGO2,PDPN,GTF2F2,HRCT1,EMP3,NR2F2
,LGI2,CASQ2,PDLIM3,NAV2,NID1,P4HB,PPFIBP1,GBP7,ARRDC3,MT-ND4,GUCY1A3
,OSR1,ZEB2,TSPAN6,ADA,DAB2,CTNNAL1,HIST1H2BC,CARNMT1,CHCHD10,MYOF,SERPING1
,CPXM1,EMID1,PQLC1,SLC52A3,FOSL2,BACE2,SCN1B,GTF2IRD1,BTG2,OAT,TNXB
,COL14A1,BMP3,CAV1,GCC2,RGL1,ODC1,LBP,IGTP,H1F0,LIFR,MARCKS
,TEK,HTRA3,BPGM,RBM10,IL4RA,VMP1,LIMS1,NACC2,BPGM,VCAM1,SERPINE2
,HK2,HMCN1,GUCY1B3,TRRAP,LPCAT1,DNM3,CYP1B1,FENDRR,XPC,DNM3,VIM
,EPYC,TRP53I11,MGARP,PCK2,NEDD9,PRPF40B,DLG1,CASZ1,COL4A3,SELP,PROX1
,PLA2G2E,RGS10,GNAI1,SNX25,UBC,GDA,LTC4S,HSP90AA1,ANKRD44,ITGB4,GMFG
,KLF4,TSHZ2,COL12A1,UGDH,NOSTRIN,FABP2,UCP2,GBE1,HIC1,PGM5,LIMS1
,CD248,,OGN,PIK3IP1,ADGRL2,PROCR,ABI3BP,IGF1R,SERPINE1,TMEM100,EHD1
,ACKR4,,PLAT,FMNL1,TRP53I11,C130074G19RIK,THY1,3110082I17RIK,COLGALT2,GSTM2,LGMN
,,,WIF1,GPD2,ENDOD1,CD74,AA467197,KCNQ1,RAB37,ODC1,GNG11
,,,,ZFP637,IFI203,RASL11A,LAMA4,GMNN,CSGALNACT1,NUAK1,RNASE4
,,,,ROGDI,PTPRU,CCND1,RASGRP2,EXTL3,TRP53INP2,LHX6,RHOJ
,,,,SAFB,SKIL,DUSP23,PTPN18,APOL9B,PTPRM,FILIP1L,FXYD1
,,,,GALNT7,PCDH17,AU021092,KCTD12,HMGB2,UCHL1,PDIA5,ECE1
,,,,GM5093,PVR,PKP4,FSCN1,2410089E03RIK,KLHL6,BST1,DEGS1
,,,,GPN1,PQLC1,TGFBR3,KCNK5,ACSS1,SLC46A3,VEGFC,PPFIBP1
,,,,USP21,RAD51AP1,FBLN2,S100A6,MDM4,DCBLD1,INSR,SLC45A3
,,,,DTYMK,CHRM2,WDR26,PALM,POLD3,PTPRU,PPP1R14A,ARHGDIB
,,,,PEX2,SPRY4,LGALS2,RSPO3,IER5L,LPIN2,ZFP36L2,PALM
,,,,LPCAT4,JAM3,HID1,TRF,FAM219B,MICALL1,CTNNAL1,UCP2
,,,,MID1,PHLDA1,FCGBP,CCND2,CXCR4,PCBP3,CFB,LAMA4
,,,,MFHAS1,CHST2,TNRC6C,CD24A,GPSM1,HUWE1,IER3,S100A11
,,,,AKTIP,ITGA6,MT-CYTB,GPR182,DGAT1,DDI2,PLK2,ACKR3
,,,,EIF4EBP2,ARAP2,SEMA6B,EMILIN1,ETV3,RNF31,MT-ND2,NRP2
,,,,POM121,RHBDL2,ATP2A3,EHD1,RBM33,DNAL4,BAMBI,IL7
,,,,ZFP362,NOCT,MBTD1,PTPN14,NAB1,DGKE,ITPR1,ABHD17B
,,,,EXOSC9,TBC1D1,ECM1,MARCKSL1,ANKRD29,TNK2,UPP1,TGM2
,,,,HERC1,PIK3R6,LGALS4,KCNN3,LUC7L,NRN1,LGALS3,TSHZ2
,,,,XYLT2,CLEC14A,UBR4,ABHD17B,AQR,FBXO3,H2-Q6,TBX1
,,,,ZFP746,SEMA3F,PLXNB2,ADD3,SMG7,FAM133B,H2-Q7,LTBP4
,,,,EXOC3L,KITL,CRIM1,RTKN,ZBTB1,SNX25,PHLDA3,STXBP6
,,,,BAZ1A,ENDOU,TBC1D9B,PURA,YOD1,TMEM63B,BMP4,SH3GL3
,,,,RBM33,POLR2E,YBX3,NFIA,COG4,AGMO,ZFP521,ECM2
,,,,2410089E03RIK,STK32C,SURF4,TGFBR2,IDE,LRRC8D,KCNB1,ADD3
,,,,ZBTB1,GPX8,DUSP2,SLC45A3,NUP88,D1ERTD622E,HDC,TPCN1
,,,,PIGQ,BPGM,PLXND1,PCSK6,2700081O15RIK,GM12216,LFNG,FNDC1
,,,,PER3,SPRED1,HMGB2,MICAL2,SOS1,CAB39,CPE,CPNE2
,,,,PKD2,SLC2A1,ACER3,IGFBP5,ELMO2,TTYH3,SULF1,GPR182
,,,,ERAP1,PLSCR2,SPINK4,PMEPA1,MAP2K7,NLK,MUSTN1,BCR
,,,,GLRX2,PHLPP1,HIST1H1C,KCNJ8,UTP14A,HMGCR,PIEZO1,SDC1
,,,,NOP14,SLC23A2,IGTP,ZBP1,TEF,NKD2,PLEC,KLHL4
,,,,ZFP830,TRP53INP2,LYPD8,STAT1,ADGRL1,AIRN,GRRP1,GJA1
,,,,CDK5,DUSP5,TFF3,FN1,DUSP5,RNF41,DST,SULT1A1
,,,,RBM34,PDE4D,WARS,NFAT5,TMEM87B,NUP93,SYT7,HJURP
,,,,SHTN1,TSC22D2,CERK,RAPH1,RBM26,FUCA2,KRT19,WNK1
,,,,NDUFS1,WEE1,KIF13A,FMNL2,CPEB4,MANBA,THSD7A,NSG1
,,,,PIP4K2C,MMD,SIRPA,GM21541,APEH,SPATA2,PTPRB,RCN3
,,,,FBXO9,FAM117B,CMIP,TMOD2,BDP1,MAP1S,EGR1,GM21541
,,,,PEX16,FKBP5,CDC42EP4,PTGFRN,TMEM259,TIA1,NMT2,PXDC1
,,,,PPP1R7,ETS2,SETD1B,PBX1,USP12,CD274,PAM,WIPF3
,,,,GNAQ,TSC22D3,DDX6,MRC1,HGSNAT,CHML,MT-ND1,PCSK6
,,,,TMED1,TNFAIP3,ATP8B1,GJA1,PHF13,MID2,PPP2R5A,PTGFRN
,,,,RNFT1,ARID1A,PYCARD,GPRC5B,ACAD12,RRM1,MGST1,PRKCZ
,,,,MRPS31,HILPDA,AGR2,COL18A1,FZR1,NOL8,ITGA3,PTPN18
,,,,RIOK1,2700081O15RIK,AFG3L1,ZFHX3,ZC3HC1,ZFP263,ZFP36,GM14964
,,,,OGFOD2,TJAP1,UGCG,F2RL1,PHC3,ACBD5,FOSB,STT3B
,,,,OTUD4,TCF3,USO1,TPCN1,R3HCC1,ACHE,HID1,DAPK2
,,,,AW549877,ZFP622,CDA,APBA2,SYNJ2,ANKRD50,MYH9,PTPN14
,,,,E130309D02RIK,UCHL1,ANO6,LGALS3,TRAPPC9,CUL2,RASL11A,NQO1
,,,,FAM89B,H1F0,XPNPEP1,NDRG2,ZFP131,SPEF1,RET,MAT2A
,,,,ETFDH,HOXA5,UBN2,ITGA9,MAPK8IP3,2310040G24RIK,SOCS3,MAP3K1
,,,,GTF2IRD1,ZFP503,XNDC1,DOCK6,PPP2R3D,ACOX3,TAGLN,SEMA3D
,,,,ICMT,TBC1D2B,WIPF3,TGFB3,UPF1,PMM2,NFKBIZ,SLCO3A1
,,,,SLC44A2,ZFP715,AGTRAP,HMCN1,CCDC80,TMEM129,SOCS2,TMOD2
,,,,BORCS6,ADORA2A,ARAP3,EDARADD,INVS,RPS6KA1,DLL1,GYPC
,,,,2310061I04RIK,MOB3C,HS3ST1,CPED1,CPSF7,GPN1,SEMA6B,FAM102B
,,,,PPP1R16B,PLEKHG2,EZR,PALD1,SP2,DCUN1D3,CASP4,NUDT4
,,,,THEM6,TRIM30A,USP34,ITIH5,HSPA1B,FBXW7,HHEX,NTS
,,,,SYBU,EFR3B,INO80D,GLS,CNGB1,URI1,TRAF1,CD2
,,,,HGSNAT,ZFP608,MUC2,ZCCHC14,SENP3,DNAJC11,RAB27A,HMCN1
,,,,HBA-A1,PLEKHA1,SKI,AMOTL1,HIST4H4,SPPL3,KAZALD1,EPB41L2
,,,,KAZN,ANKRD10,SFT2D2,CFH,SOGA1,DLAT,FOXP1,RTKN
,,,,CRNKL1,ERICH1,ZFP521,FNDC1,FAM120B,R3HCC1L,SERPINB9,MARCKSL1
,,,,GULP1,CHST11,RAB27A,MAN1A,EMSY,OPA1,CHP2,WLS
,,,,AKT3,FHOD1,CDK16,DOCK9,ZFP442,TMEM138,H2-AB1,DLG1
,,,,DCP1B,ARMC5,ZDHHC18,CHCHD10,SCRN2,SEH1L,MARVELD1,GPX3
,,,,TCERG1,MAP6,SPACA6,PPP3CA,TPRKB,CIPC,ID2,OTUD1
,,,,LY6C2,DOT1L,RAI14,ANK2,NCAPD3,CARS,CSF1,OLFM1
,,,,LSM10,ZFC3H1,PLEKHA3,HJURP,TFIP11,PSME4,CYP26B1,FSCN1
,,,,KLHL2,TNFRSF10B,TMEM9,IL7,ZZEF1,MB21D2,ZFP704,PDLIM3
,,,,LCP1,MICAL1,FRG1,GBP2,AMN1,DNAJC21,TTC28,PSEN2
,,,,IRAK3,ITGB5,ALKBH1,GM4951,AHCYL2,DOT1L,ITGA2B,CCND1
,,,,HOXB2,G2E3,SNX10,MTSS1,AGPAT1,DAXX,CDA,IFT43
,,,,TRAPPC11,NRF1,IDS,DENND2A,CAR1,ALYREF2,MT-ND5,MPP7
,,,,NUDT3,CBL,PRPF18,BMP2K,TLE6,RANGRF,NBL1,AEBP1
,,,,MED20,TRIM16,PMM2,PPP2R5A,RNF20,COL4A4,TES,F2RL1
,,,,GTF2F2,MAP3K8,PRKAG2,RALGPS2,FAM57A,ARL5A,CYGB,DMTN
,,,,TXLNG,SNHG12,PACS2,PGF,L3HYPDH,PARP1,SLC16A3,TRF
,,,,SPPL2A,TBC1D22A,CDK2,ADRB2,SLC35F6,ZDHHC8,CSF2RB,GM9780
,,,,CNPY4,PITPNC1,COMTD1,MPP7,CRYBB3,ZFP281,PBX1,MICAL2
,,,,KLHDC8B,SHANK3,GET4,PIEZO2,TYK2,MOB3C,TRRAP,DAB2
,,,,MYG1,EPHA2,ZFP46,GBP7,ANKRA2,CCNC,RGS16,SORD
,,,,METTL3,HRCT1,SELENBP1,LGALS3BP,CD3EAP,CDK1,FLT3L,EMID1
,,,,HBB-BS,XPC,ZDHHC7,MEIS2,CDK5RAP3,SLC39A9,H2AFY,SEMA6A
,,,,DDX55,TTYH3,KMT2B,HOMER3,ZBTB2,EPHA2,NEURL1B,LMO2
,,,,GNPAT,UPF1,PCGF3,ETNK1,PHF3,RRN3,PHLDA1,LOXL2
,,,,CDC23,MGAT1,TLR3,AP2A2,NOC3L,PANK4,CENPT,TNS1
,,,,PTCD2,KRR1,LRRK1,FAM102B,TSC2,XPA,MAFB,OGT
,,,,ELMSAN1,CXCR4,RNF19B,NF1,RANBP2,AFTPH,D16ERTD472E,GJC2
,,,,PRRG1,RNF185,GUSB,MYO7A,CDC37L1,IWS1,GEM,HOXD9
,,,,ATXN7,RCBTB2,MPHOSPH10,P3H3,PAFAH1B3,FBRS,NPEPPS,PLCE1
,,,,TMUB2,ARIH2,NDUFAF2,PRKCQ,XRN1,RAD17,2810474O19RIK,SIRPA
,,,,PRPF3,GFM1,ID2,PRKCZ,CLN8,EMC9,MGAT4A,COL23A1
,,,,NUBP2,GJC1,TNS2,ADAMTS15,TMTC3,TBCEL,YME1L1,PIEZO2
,,,,TBPL1,EPHA4,DCTN1,REEP3,MYO5A,CISH,GRK6,NFAT5
,,,,ZFPM1,ARRDC3,44084,SLC9A9,ZCCHC3,DGCR14,PDE9A,MYZAP
,,,,TFEB,WDFY1,CPSF7,RGS7BP,GMEB2,PSEN1,PALLD,DOCK9
,,,,SH3BP5L,PRKAR2A,MARVELD1,CPQ,GM17501,AASDHPPT,TNRC18,FAM189A2
,,,,KAT6B,PRKCE,RBM28,PAM,TMEM221,USB1,SLC2A1,RAPH1
,,,,UCK1,RAB31,USP37,IGSF3,PMS2,ARMC8,TMEM158,ISLR2
,,,,TIMM22,YAP1,FAM84B,RFTN2,ZMAT1,NIN,ATF3,ADAMTSL1
,,,,LRRC57,FBXW11,CARM1,CLDN4,TUBGCP4,IPO8,KANK1,EPHX1
,,,,RUSC2,USP39,SCFD1,MMP14,MOB3B,NF2,PARP4,GLS
,,,,PPA2,MAP3K4,NCBP2,LHFPL2,ZFP101,GLB1,PXMP2,BMP2K
,,,,ALDH7A1,CFAP36,CNDP2,IFIT3,ARNT,EDEM3,AK1,ABLIM2
,,,,FAT4,TNK2,DGCR2,RCN3,FBXL12,PHF21A,SLC26A2,DENND4A
,,,,LRRC47,MPRIP,ZBTB14,PLOD1,SRCAP,SNX13,DHH,MEGF6
,,,,RAB4B,RENBP,R3HCC1L,MEGF6,MMAB,ATG9B,PRKAG2,SSBP2
,,,,MRPL19,UBAP1,RPS6KA4,C77080,SF3A1,WRAP73,PLAC8,PTN
,,,,ZBED3,ANAPC4,KDM5A,HSPA4L,ZFP84,TANGO2,TMEM173,IGSF3
,,,,ZFP462,RXRA,ACBD5,HSPA1B,POGK,FIZ1,CXCL16,GM1673
,,,,NPEPPS,LYSMD3,KDM3A,FLNC,HBEGF,ZFP329,ATP11C,KBTBD11
,,,,ZFP524,CASC3,PBRM1,AHNAK2,USP20,NOL4L,RASSF9,SLCO2B1
,,,,SLC7A6OS,MYCBP,SIAH1A,FXYD1,RFX3,ANKRD40,AU020206,CREB5
,,,,IDH1,SCAF4,FAM171A2,OTUD1,1700037C18RIK,CSTF2T,FBXL6,TGFBR2
,,,,TUBGCP4,SOS1,EMC10,TNFAIP8L3,6030458C11RIK,CHORDC1,SPACA6,PGLYRP1
,,,,RNASEH2A,FAM76B,PAN3,EFCC1,AP3M2,TNFAIP3,EVL,B3GNT8
,,,,CRY1,FNBP1,DLST,MTMR12,LANCL2,2510039O18RIK,SPOCK2,ACKR2
,,,,DHX16,ZFP821,GOLGA3,ISG15,KDM2B,BIRC2,RNF103,CPED1
,,,,ABHD8,RAB40C,SLC39A1,ADAM10,ZFP689,KLHL18,PICK1,CD55
,,,,ZFP397,PCNX,APOA1,PGM5,DPH5,LMAN2L,IFITM1,PPP3CA
,,,,MAP2K4,DUSP7,RREB1,CCDC69,KCTD6,MCCC1,CMAH,LHFP
,,,,MAP4K3,ACYP2,NEURL1B,CELF2,ZFP1,EIF4ENIF1,RRP7A,MAP4K2
,,,,LAYN,TRIM3,VARS,GM14964,FAM199X,ZFP821,TBL1XR1,G0S2
,,,,RWDD4A,GTPBP2,LONP1,SORD,CMTR1,UBR3,PRKCE,RFTN2
,,,,KPNA1,TRIB2,SMIM24,IFIT1,NT5C2,ACOT2,TMEM131,PRKCQ
,,,,CLASP1,RCN1,TJP2,NRIP1,PPP1R8,TRMT1,DMWD,KCNN3
,,,,STAM2,TFPT,ETV6,THRA,JRKL,SUCLG2,WDFY1,PDE4B
,,,,NFYC,CASD1,KCMF1,IFIT2,MOV10,PRPS1,ERDR1,APBA2
,,,,PDCD7,RCOR1,AATF,4932438A13RIK,HIST1H4I,UGGT1,HIVEP1,CLCA3A1
,,,,ARL14EP,UBE4B,2410002F23RIK,FAM168A,ATG4D,ERCC5,SP140,AKAP12
,,,,TRADD,SLC1A5,TACC2,EMID1,DGCR8,POMC,CLK1,DUSP2
,,,,KRI1,THAP7,ATP6V0A2,GPSM3,ZFP820,IDO1,NUFIP2,IL33
,,,,ZHX1,TMEM251,TRIM30D,FRMD4B,SLC35B4,PXMP4,TMTC2,ITPRIPL2
,,,,DCTPP1,NKIRAS1,REV1,B3GNT8,SMC2,JAK3,TPPP,PTPRE
,,,,POLD2,COMMD2,GAK,SNED1,HUS1,FDFT1,SNHG12,TSPAN6
,,,,WIPF2,PLA2G12A,GNL1,SEMA3A,ZADH2,RBM48,RING1,ZCCHC14
,,,,ABCE1,CKB,2310039H08RIK,ARHGEF40,AFG3L2,FADD,TTC39B,APH1B
,,,,SETX,BTD,PDZD11,TRIM12A,MRPS31,METTL14,RRNAD1,CDK6
,,,,DNAJC24,UBAC1,CAMKK2,SYNM,SMIM24,SPHK2,RBM34,MAFF
,,,,GPX7,CUL2,HELZ,AGFG1,CARM1,USF3,ADAMTS9,GALNT1
,,,,LIG1,VPS50,MED29,NOTCH2,MAP3K12,XLR,NR4A2,ZFHX3
,,,,RNMT,YKT6,TMEM245,PLCE1,TAF5L,ARHGAP35,RBM14,NRXN2
,,,,KANSL2,SIAH2,NAV1,PHLDA3,NEMF,SCAPER,UVSSA,HTR2B
,,,,SEMA6D,NUCB2,SYT7,ZCCHC24,ZHX1,CTR9,GFOD2,EMP1
,,,,COPS3,POLDIP3,PDGFA,MICALL1,AP4M1,TSPYL2,PCYT1A,CD82
,,,,DHRS7B,CBX4,NOC2L,HIVEP3,SLC25A53,MMAA,FAM126B,LRRN4CL
,,,,MSH2,ISY1,ATRX,SULF2,TTBK2,PUS1,RGS2,GNG2
,,,,ACAD9,HPS5,CHD8,C1QTNF6,RCCD1,FBXL14,RFWD2,LYL1
,,,,TMEM101,MCM3,SLC25A36,APH1B,SKIDA1,SIN3A,FBXO38,ASPH
,,,,ABHD13,TFE3,ATP13A1,IRGM2,FAM193B,VPS37A,GAB1,FSTL1
,,,,EIF4G3,UPF3A,2210016F16RIK,4833422C13RIK,ARMT1,ARID3A,HCFC1,CFH
,,,,PAF1,KLHDC3,DENND4C,D830026I12RIK,LRP6,SLC10A7,RAPGEF5,HSPA5
,,,,TAF9B,FRMD4A,AGTPBP1,ANG,INTS1,CSTF1,USP9X,MEIS2
,,,,SDCCAG3,ZDHHC17,DTX3L,CTDSPL,CEP70,TRMT10C,ANKFY1,NR1H3
,,,,NAA16,PROSER1,CPSF6,NCF2,ANKRD26,KPNA6,ZMIZ2,CD302
,,,,PDHB,KDM3B,PTPN11,CYP1A1,WFS1,SLC16A13,PRELID2,TPD52
,,,,FAM160A2,NRBF2,CEBPZOS,PELI1,SLC4A7,OSBPL7,PTAFR,KLF6
,,,,RBM15B,NCOA1,KSR1,GM12216,RAB6B,ISY1,FUOM,EFCC1
,,,,SUDS3,UGGT1,AASDHPPT,SRD5A3,MOB1B,OGG1,ADRB2,NOTCH1
,,,,ZFP330,ZFP532,ZDHHC5,DOCK1,SORBS1,PACS1,PPP1R37,CHST1
,,,,CABIN1,AMMECR1L,HSPA13,RPN1,LGALSL,LEMD2,GM5127,RSPO3
,,,,KDM5C,MAP3K14,ADAMTS4,EFNB3,IRGQ,FEN1,ALKBH7,NFIA
,,,,CCDC102A,NOM1,NUDT18,OAF,CLCN6,SMARCAL1,AI662270,SNED1
,,,,ARRDC1,RNF113A2,TMEM181A,CYSTM1,FBXO42,D10WSU102E,LNCPINT,CTDSPL
,,,,ZDHHC21,HTATIP2,UTY,GM1673,PGGT1B,WDR70,PLEKHB2,FGFR1
,,,,TANGO2,IPO7,GMPPB,BC005537,ZBTB40,FBXO25,TFE3,TGFB2
,,,,AGPS,BRAF,ERLEC1,B4GALT5,COG3,ABCB8,NR4A1,ITGA9
,,,,ORC6,LAMA5,ZFP329,ACTB,5430416N02RIK,UTP6,NSMF,RGS7BP
,,,,DNAJC13,DCAF12,UBE2H,TBC1D4,IDUA,MRE11A,NCOR2,HSD11B1
,,,,ZZZ3,IWS1,DDX3X,FRMD6,HBA-A1,ATR,PPP1R16A,TUBB6
,,,,TARS,PANK4,PIK3C2A,ACOT7,MOGS,QTRT1,DNAJB5,RALGPS2
,,,,DNAJA3,POLB,TMEM161A,SERPINB6B,FAM8A1,CDKN2AIPNL,CTGF,BTNL9
,,,,PRORSD1,ATXN1L,PARP4,PARP14,TSTD2,CSTF3,IP6K2,DENND2A
,,,,DNAJC11,ADGRA3,DGCR6,CYP20A1,MSL2,VHL,TNRC6B,MOSPD2
,,,,GNL3,NMRK1,TES,NCOR2,OPHN1,HIST1H4C,FBXW5,SRD5A3
,,,,INAFM1,CENPA,GM12355,ADGRA2,RAB26OS,MKL1,ARMC10,LUC7L2
,,,,LARP1B,AQR,R3HDM1,TIA1,DFFB,BRWD3,EXD2,NCF2
,,,,FAM210B,A630072M18RIK,SUCLG2,DENND4A,MIOS,LIG4,EPB41L4AOS,KCNJ8
,,,,RRS1,NSF,ADAMTS10,RMND5B,CLEC16A,MTRF1,INPP5D,FRMD6
,,,,CTDSPL2,MKLN1,TARDBP,NR3C2,WDR5,SIAH1B,NAIP2,SERPINB6B
,,,,IQSEC2,GOSR1,REV3L,CH25H,NOL10,LETMD1,ZFP511,4833422C13RIK
,,,,UBE3B,KAT7,RBP2,GM2A,ERCC2,ACSF3,NCOA3,PLAUR
,,,,VPS41,DPCD,POLR1C,DAAM1,C2CD5,EXO5,PIP4K2B,TWSG1
,,,,TMEM68,MVB12B,RPAP3,LHFP,PIK3CA,ST3GAL3,NDN,RNF141
,,,,BOD1,CNTLN,DESI1,ASPH,TRIM14,RAP1GDS1,NRDE2,ENPP3
,,,,USP12,SEC23IP,ERDR1,BTBD3,CRLF3,CNNM4,KLHL22,P3H3
,,,,ZFP398,APBA3,GCLC,TSPAN2,ODF3B,STON1,SPG20,MICAL3
,,,,NOP2,MMP15,FBXO4,TMEM30A,DHX8,ZFP518A,PIKFYVE,TNFAIP8L3
,,,,MAN2C1,ATP8A1,VMA21,MBOAT1,RBM15B,SHQ1,FAM20A,SLC10A6
,,,,FBRS,CCDC32,YOD1,FOXJ2,SAMD12,,SYNRG,TC2N
,,,,BTBD10,MTHFSL,CEBPB,CHRNB1,NUDT8,,ARHGAP21,ITIH5
,,,,2610002M06RIK,EXOSC3,PLEKHG1,ATP9A,NCOA4,,SCRIB,ACOT7
,,,,NCBP3,TMEM259,CSF1,HOXD9,SLC41A1,,COL5A2,SEMA3A
,,,,MON2,SNX7,DMWD,MAPKAPK3,LINS1,,TDRD7,NRIP1
,,,,SFT2D3,VPS37B,SLC25A46,VAV3,ADAT1,,VWA5A,SCN3B
,,,,RSRC1,PIH1D1,GSE1,UHRF1BP1L,MYO9A,,EP300,GMFB
,,,,FBXL20,LNCPINT,GTF2I,MAP1B,TBC1D31,,AGPAT2,HOMER3
,,,,ACAD12,MTF1,PRPF39,SH3PXD2A,ZFP182,,CHKA,SLC16A12
,,,,ATP11A,DNAJB2,CBX6,TRIB1,UNKL,,TBCD,TBC1D4
,,,,FNIP2,MBD1,AS3MT,KLHL4,ARL14EP,,UBE3C,REEP1
,,,,SCAPER,HDAC4,SLMAP,DPH6,CRTC1,,HSPB8,NEAT1
,,,,RNF126,LENG8,APAF1,SCPEP1,ZMYM6,,L1CAM,CAMK2N1
,,,,HS6ST1,ZC3H3,ZFP410,USP24,ZFP933,,MUS81,CCDC141
,,,,GMNN,FAM220A,CPT1A,SERPINE2,9330020H09RIK,,CAPN5,TGFB3
,,,,NOP16,MBIP,NAB2,PML,,,MAN2B2,DUOX2
,,,,RAB11FIP2,DNAJC21,SLC12A4,MAN2A2,,,MVD,DOCK6
,,,,CDK2AP1,PARP1,PARP6,DDX1,,,SFXN1,MMP14
,,,,UROD,ATG9A,FGD6,SNX18,,,FAM214B,IRF8
,,,,RNF5,TMCC2,MRPS35,RNASEH2B,,,RFNG,ARHGEF40
,,,,THOC3,PPP4R1,SNIP1,CBFA2T3,,,TMC6,SYNM
,,,,NUP54,GGPS1,SUZ12,LUC7L3,,,DHX16,NFIX
,,,,PMPCB,CNTRL,ICE1,IL18BP,,,SERHL,SUSD2
,,,,PHXR4,NELFA,HOXB9,TRIP4,,,AKIRIN2,RBP2
,,,,TUBGCP5,RNF2,CRYBG3,RNF141,,,TRP53BP1,PACSIN3
,,,,LLGL1,TMEM110,RALGAPB,YWHAG,,,VPS54,CH25H
,,,,ALKBH7,REXO4,CREBZF,RAB11FIP5,,,MRPL21,ZFP512
,,,,NOB1,SMG5,PUM3,MSMO1,,,FUBP3,KDELC2
,,,,ASH2L,ASB6,COQ5,BTNL9,,,AGO2,TANC2
,,,,RAD17,COASY,KRIT1,PLAUR,,,RRP8,ITGAV
,,,,MAP2K5,SH3D21,RARS,TRIP6,,,NET1,MYO7A
,,,,TAF2,4930453N24RIK,PHF21A,STAG2,,,DFFA,SAMSN1
,,,,MED16,NOL4L,GFOD2,GMFB,,,POM121,NDRG2
,,,,DOLK,PNPT1,SENP1,MSRB3,,,ZHX2,FAM107B
,,,,PRMT2,SREBF2,RING1,CUEDC1,,,GM14305,ANK2
,,,,JAK3,NGLY1,ATIC,COQ7,,,C1S1,NUPR1
,,,,TIPIN,LETM1,PRKACB,CNOT6,,,R3HDM2,ADORA2A
,,,,DYNC1LI2,REL,DPP3,ZFP423,,,FASN,ANK3
,,,,SLC35E1,TCOF1,TRMT11,PPP1R14A,,,P3H2,WBP1L
,,,,ZBTB10,GPBP1L1,RPL13A-PS1,CNRIP1,,,GM26782,DESI2
,,,,KHK,MDM2,44075,SUN2,,,LYNX1,SLC8B1
,,,,NUDT14,USP3,MRPS6,PCYOX1L,,,GM26802,44080
,,,,FBRSL1,IP6K1,RPE,FLYWCH2,,,SLC9A1,ZDHHC2
,,,,GPN2,CEP83,WIPI2,TAOK1,,,EMC1,CELF2
,,,,ASF1A,SCAF8,ABCD1,MAGI3,,,CKAP4,CHRNB1
,,,,,GYG,HEATR5A,TWSG1,,,DIDO1,AA467197
,,,,,TMEM168,LEO1,SYN3,,,MAPK1IP1L,RAB11FIP2
,,,,,TMCC1,NT5C3B,NPM3,,,GSTM5,ATP8A2
,,,,,XPOT,SYNJ2,VWA5A,,,PARP16,CNRIP1
,,,,,BACH1,BLOC1S2,THSD7A,,,CD27,DALRD3
,,,,,GPATCH1,DGAT1,SMYD2,,,SMIM8,TMEM64
,,,,,CNOT10,INPPL1,RYK,,,OSBPL8,DUOXA2
,,,,,ENOPH1,KIF1C,HOXD8,,,HS2ST1,CPQ
,,,,,CROT,USP7,PPP1R21,,,SH3BGRL2,ITPK1
,,,,,ST7L,CRELD1,1190002N15RIK,,,HACL1,NFATC1
,,,,,CPSF2,AHRR,SMIM19,,,SHPRH,NOTCH2
,,,,,UXT,DNMT3A,NBL1,,,FUZ,HIST1H1C
,,,,,ZSWIM8,CCNC,UCHL5,,,SIL1,UHRF1BP1L
,,,,,SCAF1,NF2,CACUL1,,,CCDC191,VAV3
,,,,,CPPED1,PPP1R14B,ITPK1,,,POLD1,GPRC5C
,,,,,ERCC5,TGFBRAP1,PANK3,,,UBE4A,PRRT4
,,,,,SLC25A28,SVIP,POLA2,,,ATP6V1B2,TEAD1
,,,,,INPP5D,TAF6,NFATC1,,,SLX1B,UGCG
,,,,,FIZ1,SEC24A,SGCB,,,ATG2B,GATSL2
,,,,,ALDH3A2,TRAF5,TUFM,,,LYRM9,FOXC2
,,,,,MAPK8,TMEM173,FUBP3,,,SEC24C,GSN
,,,,,STRIP1,GM20604,ACTR8,,,CREB3L1,VTN
,,,,,NIFK,IFT172,TWISTNB,,,TRAF2,WWP1
,,,,,SP2,ZFP865,MAN2A1,,,MT-ND6,GM10605
,,,,,SCLY,SZRD1,ST3GAL5,,,WHAMM,FLNC
,,,,,FBXL12,ICA1,RASSF8,,,ARHGEF18,EIF3J2
,,,,,GTF2H4,TMEM41B,VOPP1,,,USP48,GM11837
,,,,,GPALPP1,SAP30BP,NRBP2,,,SHANK3,GADD45A
,,,,,SOCS1,EBPL,PTPRE,,,ACACB,ZFR
,,,,,CBY1,RCBTB1,PTS,,,FAM208B,MTSS1
,,,,,ZC3H14,CD2BP2,SDC1,,,RPUSD1,AP3M1
,,,,,ARHGAP35,HMGN2,ZDHHC2,,,BTBD9,GATM
,,,,,TMTC3,SND1,RALGAPA2,,,MSANTD2,RHOBTB3
,,,,,PRKD2,KAT5,IKBIP,,,WDR11,TTLL1
,,,,,1110034G24RIK,FKBP10,CFAP97,,,ADNP2,HSPA12A
,,,,,TBL3,CCDC34,CHD9,,,GM16499,AKAP13
,,,,,FBXO28,CARS2,EML4,,,MGEA5,TULP4
,,,,,CHERP,CALHM2,FNDC3B,,,GALNT15,HIST1H2BC
,,,,,MAPK1IP1,TSC1,VCPIP1,,,SYNJ1,IL6RA
,,,,,CRLF3,BMPR2,PDE10A,,,PPTC7,FAH
,,,,,PDCD2L,SPICE1,HMGCS1,,,BCL2L11,UNC13B
,,,,,DDX10,TNKS2,PCM1,,,JARID2,NXPE2
,,,,,DXO,PIK3C2B,NEXN,,,ZFX,KALRN
,,,,,PIP4K2A,NT5C3,TMEM260,,,NKAPL,NMB
,,,,,FAM114A1,SLC10A6,IFIT3B,,,MSRB3,APPL2
,,,,,VPS52,ANAPC7,DMAP1,,,GPATCH1,SUN2
,,,,,APIP,LRRC42,PSMG2,,,CCP110,RBMS3
,,,,,EDEM1,SLC35A1,SMAD2,,,ZW10,C77080
,,,,,DCAF10,ZG16,ZFP36L2,,,CYP1A1,MT-ND3
,,,,,FEM1C,U2AF2,GCSH,,,A230050P20RIK,D830026I12RIK
,,,,,D1ERTD622E,VSIG10,MYLK,,,AEN,ATP2A2
,,,,,FBXL17,STAT5B,MTSS1L,,,OCRL,UBASH3B
,,,,,NLK,HCFC2,ANKRD13C,,,WTIP,ZFP950
,,,,,CRTC2,SMN1,SAMD8,,,MED12,OAF
,,,,,MRPL1,TOMM34,KDELC2,,,ARID1B,RENBP
,,,,,CDKN2AIP,TAL1,CMC2,,,ZFP740,LRRC1
,,,,,ANAPC10,YLPM1,DOPEY1,,,EXOC2,ADM
,,,,,FAM193A,SUCO,DSCR3,,,CAMSAP1,LPP
,,,,,ESCO1,43898,ABHD17C,,,CDKN1B,SESN1
,,,,,DPP8,ANKS1,MZT2,,,RIOK1,GSAP
,,,,,2700097O09RIK,SNAPC1,GNA12,,,NUP214,PTPRF
,,,,,LARS2,TMEM230,MOB1B,,,OPLAH,LTBP3
,,,,,PSEN1,B3GNT3,GATAD2B,,,TLR2,TFPI2
,,,,,EEF1E1,KCTD18,POGZ,,,PKD1,TAOK1
,,,,,EPC2,SEC24B,LDLR,,,FARP1,ARL13B
,,,,,GMCL1,CDKN1B,ZSWIM6,,,LARP1,NPM3
,,,,,NFKBIL1,LIN37,DNAJB5,,,DOPEY1,NFATC2
,,,,,ZFP703,LYRM2,CREG1,,,EIF2S3X,PDGFA
,,,,,MID2,EXOSC10,FAM168B,,,NRADD,SEC61A2
,,,,,URI1,SENP7,CLASP2,,,N4BP2,H6PD
,,,,,DNAJC25,POGLUT1,TCF7L1,,,RAB8B,DAAM1
,,,,,SLC2A8,TIMM10,SIL1,,,RNPC3,APOBEC1
,,,,,HBS1L,AP1B1,HNRNPH1,,,SOX12,GPCPD1
,,,,,1600020E01RIK,OTUD7B,RAB11FIP3,,,FAM234A,GPSM3
,,,,,ZBTB11,IPO5,DDX17,,,SIDT2,SMC3
,,,,,FASTK,CNST,INPP4A,,,HOXB8,ZCCHC24
,,,,,TMEM41A,PAIP1,KIFAP3,,,RRAS2,ATP9A
,,,,,USP48,FABP1,PMM1,,,SAMD8,ANTXR2
,,,,,ACAD8,EPB41L4AOS,MYBBP1A,,,LLGL1,NOS1AP
,,,,,LONP2,HAT1,NSMCE2,,,KLHDC10,TRIB3
,,,,,CCNH,TSPAN17,SOCS5,,,ANKRD16,PHLDB3
,,,,,APBB1,FAM69A,ZNHIT6,,,ZFP444,ASCC1
,,,,,TBCE,PDE12,MED9,,,ABCA2,EGLN3
,,,,,SCAI,GATAD2A,TGS1,,,ATPAF2,ADGRA2
,,,,,FOXJ3,FDX1L,ANGPT2,,,SMARCAD1,FDX1L
,,,,,ANKRD54,STAMBP,RBBP9,,,BHLHB9,ARHGAP32
,,,,,TMEM167B,ATF5,TAOK2,,,PEX26,GNA13
,,,,,VPS26B,ELMO2,USP5,,,44084,POLD2
,,,,,AGPAT5,LUC7L,ARHGAP27,,,TRIM33,EFEMP2
,,,,,GALK1,TOMM70A,2310022B05RIK,,,GSK3A,LENG8
,,,,,ZFP516,FMNL3,APPL2,,,MRPS10,A4GALT
,,,,,SCYL2,FAM117A,EPHB1,,,HAUS2,ATF5
,,,,,EXTL3,NCOA2,NIN,,,ATP6V0A1,NF1
,,,,,AKR1E1,PTCD3,DALRD3,,,ETV6,C1QTNF6
,,,,,SLC24A5,HS2ST1,ASCC1,,,ZSWIM6,CXXC5
,,,,,PIK3R4,LRP5,FNIP1,,,RABGEF1,SNCAIP
,,,,,TMEM106A,FBXW7,GART,,,UNG,FLRT2
,,,,,ZDHHC12,FBXW5,SETD7,,,KCTD2,SGSM1
,,,,,BRPF1,TSHZ1,ADM,,,KLHDC8B,RALGAPA2
,,,,,ZBTB45,EHMT2,RASSF2,,,ICE1,ENKUR
,,,,,ARFGAP3,RBFOX2,NDFIP1,,,NEK1,DPH6
,,,,,LARS,ANKS3,ANKRD13A,,,PPRC1,CELSR1
,,,,,CLN5,MPV17L2,WDR44,,,SCAF1,TMEM198B
,,,,,BRD1,ZNHIT2,AI480526,,,NARFL,PPIL4
,,,,,ODF2,RUFY3,PMVK,,,POMGNT1,NAAA
,,,,,MLKL,PGD,NUCKS1,,,CTBS,ANK
,,,,,NAGA,CD302,TAF1,,,INF2,NHSL1
,,,,,DR1,DNM1L,LARP1,,,DDHD2,SETD7
,,,,,HCCS,DHX8,IFT27,,,KLHL26,SLC39A1
,,,,,DNAJC9,SETD1A,COBLL1,,,ZFYVE27,JADE1
,,,,,TTC19,GMPR2,MEX3C,,,CHD9,CWF19L2
,,,,,DCUN1D3,AHCYL2,APPBP2,,,HMG20A,VSIG10
,,,,,STARD7,ERGIC1,ZCCHC10,,,SCAF8,HSPB11
,,,,,AU022252,PTCH1,PHF2,,,AP1AR,ANGPTL2
,,,,,TRAF2,REST,ZDHHC1,,,ZFP113,4930486L24RIK
,,,,,RFC3,KCTD2,GRK5,,,NLRC5,RASA3
,,,,,VPS11,URGCP,AGFG2,,,TSLP,CHCHD6
,,,,,POLR2H,SNX21,CLN3,,,CEP95,PLEKHA3
,,,,,MUL1,AGO2,DAGLB,,,PNISR,ME2
,,,,,CAMTA2,ELL,RTP3,,,LARS2,MPDZ
,,,,,NKIRAS2,SIK3,TPST1,,,TTC9C,ESF1
,,,,,MAVS,EFHD2,SEC61A2,,,FBXO33,DNASE2A
,,,,,,GM20186,P2RX4,,,CRTC2,SNX18
,,,,,,AU019823,SLC30A4,,,CASK,SSH2
,,,,,,LDLRAP1,RANBP2,,,PRMT5,DIP2C
,,,,,,TSR3,RDH14,,,CDYL2,LIAS
,,,,,,CTGF,TBKBP1,,,DCAF4,NEXN
,,,,,,PWWP2A,STARD13,,,FNBP1,SLC25A23
,,,,,,ZHX3,WWP1,,,TSHZ1,HAGHL
,,,,,,MICU2,PTDSS1,,,THOC1,AMDHD2
,,,,,,SPPL2B,ASXL1,,,NR2C2,TRP53INP1
,,,,,,HK1,DTD2,,,AP3S1,PQLC3
,,,,,,MEF2D,TIGD2,,,SNX16,MAGI3
,,,,,,CNP,MAPK9,,,MTIF2,VPS52
,,,,,,MSRB2,UHMK1,,,CHID1,ZC3H11A
,,,,,,HCFC1,TEAD1,,,RAD52,CAR2
,,,,,,STK24,DDX19A,,,YEATS2,RAP2A
,,,,,,SLC4A1AP,RNF139,,,PPP2R1B,ARHGAP23
,,,,,,FAM136A,LIMK2,,,AKAP7,MYEF2
,,,,,,SNX11,SPNS1,,,FAM189B,TNFRSF11A
,,,,,,SLC16A2,MSANTD4,,,SLC4A1AP,PDXDC1
,,,,,,DVL1,ARHGEF10,,,DUSP18,ENPP5
,,,,,,GKAP1,APMAP,,,CNOT1,TK2
,,,,,,MED15,SEC24C,,,DENND4C,MCU
,,,,,,RNF121,ZFP263,,,TBL2,TSC22D2
,,,,,,BCOR,RAB21,,,INTS2,TCOF1
,,,,,,GM10320,VAMP7,,,ZMYM2,DGKA
,,,,,,SLC7A1,A330017A19RIK,,,AMBRA1,ARSK
,,,,,,LRRC45,ANK,,,SH3PXD2A,AGTPBP1
,,,,,,CDC34,AEBP2,,,E130311K13RIK,DDB2
,,,,,,TOR2A,TSC2,,,DCAF17,ZFP106
,,,,,,HMGB3,ADCY6,,,AU040320,FAM92A
,,,,,,PAPD4,NUP88,,,KMT2B,SMARCD1
,,,,,,ULK1,MAP1S,,,1810030O07RIK,GPRASP1
,,,,,,EXOC3,MRPL13,,,OTUD4,ATP8A1
,,,,,,UBQLN4,MRPS30,,,LSG1,EML4
,,,,,,CELF1,C330007P06RIK,,,ATRNL1,TMEM51
,,,,,,PPM1M,MRPL50,,,GEMIN5,IGF2BP3
,,,,,,TMEM55A,DDX60,,,GSTZ1,ZFP280D
,,,,,,TLK2,SIPA1L3,,,SLC5A3,PCDHGA12
,,,,,,APEH,RBPJ,,,ZFP2,USP24
,,,,,,RPS6KB2,RBM4B,,,ZFHX2,ISOC2B
,,,,,,SEC16A,ARFIP1,,,43896,GUCD1
,,,,,,TMEM159,DMXL1,,,TRAPPC10,RBM19
,,,,,,RBM15,ZBTB44,,,ASCC2,ZFP397
,,,,,,PPP2R3A,TTC33,,,RMDN1,SNHG20
,,,,,,CDC42EP5,ASB8,,,PDSS2,TRUB1
,,,,,,SDHAF1,NUDCD2,,,POC1B,ITSN1
,,,,,,ESRRA,SMARCC2,,,ZFP335,PARD6A
,,,,,,AP1G1,FAM92A,,,1810032O08RIK,VPS8
,,,,,,IL15,CYLD,,,ASXL1,TRDMT1
,,,,,,OTULIN,GPATCH2,,,ITGB3BP,CC2D2A
,,,,,,USP22,ABI2,,,ELL,1110046J04RIK
,,,,,,ZFP800,THOC1,,,KPNA3,RNF217
,,,,,,GAA,FRA10AC1,,,CACHD1,DNAJC4
,,,,,,SOGA1,MCOLN1,,,SCLY,DMXL1
,,,,,,MCM4,SCAP,,,CSE1L,COG7
,,,,,,TBC1D10B,1110004E09RIK,,,GTPBP6,GNPTG
,,,,,,ENDOG,ARL5A,,,ZFP655,RRM2B
,,,,,,SLC12A2,AP3D1,,,DENND1A,SLC7A1
,,,,,,NACC2,RCC2,,,CEP41,TMEM68
,,,,,,MRPL16,NBEA,,,PNPLA6,HYOU1
,,,,,,AFAP1,PSMG1,,,DSCR3,PELI2
,,,,,,BC030336,PHKG2,,,PHF6,METAP1D
,,,,,,ABCD3,MICU1,,,PRR12,YLPM1
,,,,,,HDAC3,SNX13,,,ZSCAN26,INPP4B
,,,,,,SREBF1,MNAT1,,,DIRC2,NHLRC2
,,,,,,KBTBD3,FOXO3,,,GTF3C3,ATXN2
,,,,,,NUDT19,FYCO1,,,HCFC2,MICU3
,,,,,,NFS1,CRYBB3,,,RGL3,CLPX
,,,,,,CTR9,BCL9L,,,CDK13,SERINC5
,,,,,,MTIF2,GM9803,,,POLR3B,RCC2
,,,,,,CHST12,IPO8,,,STAT5B,CAD
,,,,,,PIGC,CDK13,,,ARIH2,RNF19B
,,,,,,OSBPL8,NFYA,,,CDK10,TAOK3
,,,,,,GNPTG,COG4,,,HOXB5,RBPJ
,,,,,,GPATCH11,IARS2,,,MADD,MTSS1L
,,,,,,GLYR1,KREMEN1,,,SIRT6,CYLD
,,,,,,MAML1,GPR180,,,GIGYF1,C330007P06RIK
,,,,,,CSNK1G1,ABCC5,,,CNNM3,AATK
,,,,,,AGPAT3,CHCHD5,,,ERBB2,SMAD2
,,,,,,FZR1,ATRN,,,NDST2,FAM98B
,,,,,,AP1AR,CREB1,,,RRP36,TRIM24
,,,,,,ADPGK,AK6,,,ZFP217,PFAS
,,,,,,PSTK,KIF1BP,,,SLC35A3,CHAMP1
,,,,,,SLC4A7,RILPL2,,,ZYG11B,CLASP2
,,,,,,COL4A3BP,CASP7,,,MCM4,CUL7
,,,,,,PPFIA1,PPWD1,,,5031439G07RIK,CEP89
,,,,,,DECR1,ATP6V0A1,,,UROS,MAN2A2
,,,,,,MMADHC,ABT1,,,ZFP867,PLXNA4
,,,,,,NFKB2,TIMM9,,,FICD,DPY19L1
,,,,,,CUTC,CMC1,,,PLXNA1,HMBS
,,,,,,JMJD8,MFN2,,,PELP1,SLC25A12
,,,,,,SLC35B3,CMPK2,,,TMEM177,MILL2
,,,,,,MYEF2,GTF3C1,,,ENTPD7,THUMPD3
,,,,,,SCRIB,GPD1L,,,WDR76,NYNRIN
,,,,,,TMEM263,DNTTIP1,,,HAUS1,TMEM260
,,,,,,PPIL1,JMY,,,GOSR1,TAF1
,,,,,,KPNA2,RINT1,,,MPP5,PLEKHM3
,,,,,,RABIF,ZDHHC4,,,PDCD7,AIMP2
,,,,,,RELB,TRAPPC2,,,LMBR1,CMC4
,,,,,,ANGEL2,ZMYM2,,,MDN1,WDR75
,,,,,,WBP1,DKC1,,,VEZT,DENND1B
,,,,,,PDCD11,1810030O07RIK,,,BUD13,WDR34
,,,,,,GOLPH3,PLEKHA5,,,IREB2,GABPB2
,,,,,,CEP350,CKAP4,,,AGR2,NAPEPLD
,,,,,,HIVEP1,CDC14A,,,STXBP5,TET1
,,,,,,TOM1L2,ABHD14A,,,TXNDC11,EFCAB2
,,,,,,PRRC1,SMARCAD1,,,SHMT2,FMO5
,,,,,,VPS54,TRP53INP1,,,FITM2,ARMC6
,,,,,,AI413582,KLHDC10,,,TRIM68,SBF1
,,,,,,NUDT21,KHSRP,,,GTPBP1,FAM49A
,,,,,,PRPF31,PAPD7,,,LTV1,TMA16
,,,,,,NFATC3,MRTO4,,,ZBTB18,CEP295
,,,,,,GM16499,LATS1,,,LIN52,GAB2
,,,,,,GABPA,BCAT2,,,ABCD4,SEC23IP
,,,,,,YAE1D1,PPP2R5B,,,AATF,MTMR4
,,,,,,PYURF,RPRD1B,,,SIRT1,HOXB3OS
,,,,,,TMEM126B,SLC25A39,,,3110062M04RIK,TRIO
,,,,,,NCOA6,BOLA1,,,ADAMTS4,LEO1
,,,,,,SH3BGRL2,CHCHD4,,,ZFP65,SIRT5
,,,,,,MT-ND6,MTHFS,,,ARPIN,ERMP1
,,,,,,ORMDL3,IDH3A,,,TIMM9,FGD6
,,,,,,AHCYL1,TNIP1,,,TECPR2,SREBF2
,,,,,,CHM,ATPAF2,,,POMT2,TMEM87A
,,,,,,SERTAD3,CISD3,,,MTHFR,PHYKPL
,,,,,,SYNRG,NUDT16L1,,,CEP192,EHBP1
,,,,,,MAN1B1,LIAS,,,KLHL42,CARF
,,,,,,RPP14,MADD,,,ZER1,THUMPD1
,,,,,,CARNMT1,ACADSB,,,SAP30BP,MDM1
,,,,,,STOX1,PREB,,,CYP2U1,LPIN1
,,,,,,RXRB,SMG7,,,GM14296,FAM222B
,,,,,,BMP4,ZYG11B,,,SAMD1,FOXJ2
,,,,,,FOPNL,ZMIZ2,,,ZBTB39,LYSMD3
,,,,,,CLK2,2810004N23RIK,,,TRIQK,DNAJC25
,,,,,,GALT,TTC5,,,RCOR3,GGA2
,,,,,,ARMCX1,SLC30A7,,,TTC37,DPY19L4
,,,,,,TMEM65,HEXIM1,,,GTPBP10,LYAR
,,,,,,TM7SF3,SFSWAP,,,ZBTB48,GCSH
,,,,,,DYRK1A,BLCAP,,,BTBD7,TMEM216
,,,,,,USP47,FRMD8,,,AHI1,VPS39
,,,,,,OPTN,BTBD2,,,SLC22A17,RAI1
,,,,,,C87436,CCDC43,,,GM26853,TBC1D16
,,,,,,RNF168,AP4S1,,,WDR13,UPP2
,,,,,,WRNIP1,VEZT,,,HIF1AN,POLR3E
,,,,,,AGPAT1,MSL3,,,GINS3,NNT
,,,,,,AMN1,MUT,,,MRGPRE,NSMAF
,,,,,,EIF2B1,PRR12,,,PTPRS,COX18
,,,,,,RNF34,MRPL10,,,ERCC3,YTHDF3
,,,,,,CCDC107,TRP53I13,,,BACH1,CEP57
,,,,,,MEAF6,NICN1,,,STX18,DUBR
,,,,,,RAI1,PCNT,,,AP5Z1,ELP3
,,,,,,PXMP4,ATP6V1C1,,,MSH3,HAUS8
,,,,,,AIFM1,SMAP2,,,PPHLN1,ZDHHC21
,,,,,,TTC39B,SNX27,,,ASB3,A130010J15RIK
,,,,,,SCO2,DRG2,,,SEC24A,KDELC1
,,,,,,BORCS8,OLA1,,,TMEM62,NADK2
,,,,,,AP4M1,SH3D19,,,MMP11,UPF3B
,,,,,,HADH,PLAA,,,GLMN,BRD8
,,,,,,SKIV2L,MRPL49,,,SPG11,FBXO17
,,,,,,MFN1,TRIB3,,,PHC1,DCUN1D4
,,,,,,SRM,CCDC91,,,AAED1,GHR
,,,,,,SMURF2,DMTF1,,,MTFP1,DMTF1
,,,,,,RPRD2,RCOR3,,,TTC21B,C330018D20RIK
,,,,,,PMPCA,DLAT,,,PLA2G6,MFN2
,,,,,,KLC4,PHRF1,,,VASH1,CBWD1
,,,,,,JDP2,SYVN1,,,PLOD2,BCS1L
,,,,,,ACD,ZDHHC6,,,SESN2,TEP1
,,,,,,RAB8B,SART3,,,2810402E24RIK,TXNDC16
,,,,,,MANBAL,HOXB3OS,,,PIGN,HACE1
,,,,,,SLC7A7,IPO9,,,CCDC84,2700062C07RIK
,,,,,,EXOC8,TTC1,,,FNTB,MPV17L
,,,,,,ABL2,SLC30A5,,,POU6F1,ARHGEF6
,,,,,,RNF213,COMMD9,,,FRS2,NCBP1
,,,,,,SNAI2,HERC4,,,PHKG1,44075
,,,,,,TSTA3,MEN1,,,MCOLN1,VPS13C
,,,,,,GMPPA,BTRC,,,,ZFP512B
,,,,,,CCDC97,PRKRIP1,,,,TBC1D24
,,,,,,PPTC7,PEF1,,,,MLST8
,,,,,,EXOC4,POP4,,,,LOCKD
,,,,,,PIAS1,ZNFX1,,,,KANSL1L
,,,,,,DGKA,ZFYVE27,,,,ME1
,,,,,,DAP3,IRF2BP1,,,,ARMC9
,,,,,,D5ERTD579E,ZFP384,,,,RHBDD3
,,,,,,LARP4,NOL12,,,,COQ4
,,,,,,DCHS1,FAM8A1,,,,CSGALNACT2
,,,,,,PGPEP1,ZNHIT3,,,,POP4
,,,,,,GMEB2,D10JHU81E,,,,TCF7L2
,,,,,,HTRA2,ZWINT,,,,SLC29A3
,,,,,,LENG1,POP7,,,,CEBPA
,,,,,,UFSP2,GOLT1B,,,,ELAC1
,,,,,,PI4KA,CWC25,,,,CDK5RAP2
,,,,,,PEX3,RGL2,,,,PSPC1
,,,,,,RAB3GAP1,PIAS2,,,,ATAD2B
,,,,,,RNPC3,METTL7A1,,,,TTF2
,,,,,,NUP50,CEP170,,,,POMT1
,,,,,,MCUR1,NPC1,,,,AI480526
,,,,,,SNCAIP,METTL5,,,,PTBP2
,,,,,,DNMT1,ARHGAP12,,,,RNF24
,,,,,,NCK2,POFUT1,,,,2010315B03RIK
,,,,,,ELP2,POLE3,,,,CHM
,,,,,,SPG20,WDTC1,,,,ZFP346
,,,,,,BC017643,NOLC1,,,,PIGH
,,,,,,MT1,ZC3H11A,,,,MCM7
,,,,,,PPP2R3D,ANKRD40,,,,SNX33
,,,,,,BMS1,PRPF4,,,,HSF2
,,,,,,MFSD5,WRN,,,,POLR1B
,,,,,,SAP30L,SC5D,,,,CTU1
,,,,,,BC029722,G6PC3,,,,PIGB
,,,,,,FOXK1,BPTF,,,,DHX9
,,,,,,MINK1,ATG16L1,,,,BBS5
,,,,,,SLC35F5,NXPE2,,,,ZBTB43
,,,,,,OPHN1,EXOC6B,,,,ANAPC1
,,,,,,PRKAA1,CDIP1,,,,ZFP9
,,,,,,ANKIB1,RBMX,,,,FASTKD1
,,,,,,TMEM199,FOXN2,,,,RPAP2
,,,,,,CMAS,RFWD2,,,,OGFOD1
,,,,,,FAM193B,AAR2,,,,MTERF1A
,,,,,,MMS19,ZKSCAN1,,,,L3MBTL3
,,,,,,FARSB,VANGL1,,,,REPIN1
,,,,,,GM10053,STOML1,,,,ZFP738
,,,,,,GBF1,AGL,,,,MBD5
,,,,,,HARS,HLTF,,,,WARS2
,,,,,,EXOSC5,CDKN2C,,,,MEX3B
,,,,,,NELFE,ZFP444,,,,SUCO
,,,,,,CYP2J6,SNAPC3,,,,CAPN15
,,,,,,LDLRAD3,PHF12,,,,SCYL3
,,,,,,MRPS9,ABHD14B,,,,ALG6
,,,,,,AIMP2,FUNDC1,,,,MXD1
,,,,,,RGP1,DEXI,,,,DIS3L
,,,,,,TIMM21,TRAPPC8,,,,TUBGCP6
,,,,,,USP33,USP10,,,,MTTP
,,,,,,NPRL2,SPCS3,,,,RDH13
,,,,,,CCDC137,BAP1,,,,AGBL3
,,,,,,SMARCC1,OSTM1,,,,MRS2
,,,,,,WDR73,TMEM107,,,,MRM1
,,,,,,EDC3,UTP18,,,,GM5141
,,,,,,ALAD,IRAK4,,,,MCCC2
,,,,,,ZFP617,SLC4A2,,,,ABCB9
,,,,,,4833420G17RIK,AGO3,,,,ZKSCAN8
,,,,,,DCAF5,SBF1,,,,ELMOD2
,,,,,,MRPL44,SKIV2L2,,,,PI4K2A
,,,,,,ORC4,AMDHD2,,,,
,,,,,,1110065P20RIK,NIPA2,,,,
,,,,,,GFER,POLG,,,,
,,,,,,THUMPD3,MFSD11,,,,
,,,,,,MYO9A,ATP11B,,,,
,,,,,,SPECC1L,ELF4,,,,
,,,,,,44082,PLRG1,,,,
,,,,,,FLOT2,ZFP780B,,,,
,,,,,,GALK2,SLC33A1,,,,
,,,,,,ALDH9A1,NUP153,,,,
,,,,,,CAB39L,D030056L22RIK,,,,
,,,,,,RMND5A,ETV3,,,,
,,,,,,SESN1,NCOA5,,,,
,,,,,,PNPLA6,EDEM2,,,,
,,,,,,CLCN7,VPS8,,,,
,,,,,,DHRS4,MAP2K7,,,,
,,,,,,LSM12,TRMT10C,,,,
,,,,,,DHRS1,CSNK1G3,,,,
,,,,,,PHLDB1,POLDIP2,,,,
,,,,,,DNASE1L1,KDM2A,,,,
,,,,,,AI837181,SLC20A1,,,,
,,,,,,GAB1,EIF2B4,,,,
,,,,,,GPAT4,EIF4ENIF1,,,,
,,,,,,EML2,PPARD,,,,
,,,,,,FAM60A,ZFP217,,,,
,,,,,,GHR,ZFP110,,,,
,,,,,,CTU2,CNOT11,,,,
,,,,,,YEATS4,APOO,,,,
,,,,,,HPS3,DNAJB4,,,,
,,,,,,RICTOR,ADSL,,,,
,,,,,,ILF3,CCDC6,,,,
,,,,,,FAM173B,CRBN,,,,
,,,,,,MED24,OXSR1,,,,
,,,,,,BOP1,WDR83,,,,
,,,,,,ZC3H4,PPP2R3C,,,,
,,,,,,TGFBR1,2300009A05RIK,,,,
,,,,,,TRAP1,GTF2H1,,,,
,,,,,,WDR13,CDPF1,,,,
,,,,,,TANK,SLC25A38,,,,
,,,,,,PPAN,ADAR,,,,
,,,,,,KIN,TRAK2,,,,
,,,,,,CASP2,TRNT1,,,,
,,,,,,TBL1XR1,BC003331,,,,
,,,,,,DHX38,SH2B1,,,,
,,,,,,NR2C2,RAB2B,,,,
,,,,,,GALNT11,FKBP15,,,,
,,,,,,DPP9,PCYT1A,,,,
,,,,,,APOOL,ZFX,,,,
,,,,,,ZFP740,ARFGAP1,,,,
,,,,,,CRAMP1L,BRIP1OS,,,,
,,,,,,NUP85,PIKFYVE,,,,
,,,,,,NSUN5,NT5M,,,,
,,,,,,GPANK1,NVL,,,,
,,,,,,MLXIP,OTUD6B,,,,
,,,,,,ATG4D,B9D2,,,,
,,,,,,AVL9,CHFR,,,,
,,,,,,ATXN3,CAAP1,,,,
,,,,,,GFPT1,QSER1,,,,
,,,,,,DDX49,KCTD11,,,,
,,,,,,CDK5RAP3,SENP3,,,,
,,,,,,PSMF1,RBM48,,,,
,,,,,,OMA1,DPY19L1,,,,
,,,,,,ANKLE2,PIGU,,,,
,,,,,,KAT8,DNAL4,,,,
,,,,,,UBP1,GUF1,,,,
,,,,,,GNL2,ACTA2,,,,
,,,,,,TXNDC5,GID4,,,,
,,,,,,SMG6,DGCR14,,,,
,,,,,,PICK1,CSGALNACT2,,,,
,,,,,,CASK,CDKAL1,,,,
,,,,,,CUL5,NUBP1,,,,
,,,,,,PCSK7,OPA1,,,,
,,,,,,SMC5,RNF103,,,,
,,,,,,IGF2BP3,ARHGAP25,,,,
,,,,,,RSL24D1,WDR18,,,,
,,,,,,COQ9,RAB43,,,,
,,,,,,D230025D16RIK,NTMT1,,,,
,,,,,,LCMT1,2610037D02RIK,,,,
,,,,,,MED11,DIMT1,,,,
,,,,,,PSMD10,ZFP322A,,,,
,,,,,,MRPS10,CPOX,,,,
,,,,,,FBXO38,ADPRM,,,,
,,,,,,STX18,PKNOX1,,,,
,,,,,,ABHD10,FAM216A,,,,
,,,,,,RAB10OS,SLC25A37,,,,
,,,,,,IFT46,ZFP598,,,,
,,,,,,ADO,TFAM,,,,
,,,,,,BSCL2,YIPF6,,,,
,,,,,,BYSL,SOCS4,,,,
,,,,,,CINP,TMEM222,,,,
,,,,,,GM17541,TBCK,,,,
,,,,,,SLC39A3,TYSND1,,,,
,,,,,,EXD2,ACOT8,,,,
,,,,,,PEX11B,JARID2,,,,
,,,,,,NACC1,1600012H06RIK,,,,
,,,,,,HSPA14,SNAP47,,,,
,,,,,,ASCC2,ABHD2,,,,
,,,,,,RTCA,ECD,,,,
,,,,,,PTRH2,GPR137B,,,,
,,,,,,UBXN7,ZMYM4,,,,
,,,,,,LMTK2,PUS1,,,,
,,,,,,PARP10,PSME4,,,,
,,,,,,,CIAO1,,,,
,,,,,,,LMAN2L,,,,
,,,,,,,FBXO18,,,,
,,,,,,,SMC2,,,,
,,,,,,,KPNA6,,,,
,,,,,,,GM5617,,,,
,,,,,,,UCHL3,,,,
,,,,,,,ING3,,,,
,,,,,,,USP31,,,,
,,,,,,,SLC9A8,,,,